{
	"$schema": "https://playground.wordpress.net/blueprint-schema.json",
	"landingPage": "/wp-admin/post.php?post=10&action=edit",
	"steps": [
		{
			"step": "installPlugin",
			"pluginZipFile": {
				"resource": "url",
				"url": "https://raw.githubusercontent.com/WordPress/block-development-examples/deploy/zips/minimal-block-ca6eda.zip"
			}
		},
		{
			"step": "login",
			"username": "admin",
			"password": "password"
		},
		{
			"step": "runPHP",
			"code": "<?php require '/wordpress/wp-load.php'; $wpdb->query('delete from wp_posts');"
		},
		{
			"step": "writeFile",
			"path": "/wordpress/wp-content/mu-plugins/rewrite.php",
			"data": "<?php add_action( 'after_setup_theme', function() { global $wp_rewrite; $wp_rewrite->set_permalink_structure('/%postname%/'); $wp_rewrite->flush_rules(); } );"
		},
		{
			"step": "importWxr",
			"file": {
				"resource": "url",
				"url": "https://raw.githubusercontent.com/WordPress/block-development-examples/trunk/plugins/minimal-block-ca6eda/_playground/export.xml"
			}
		}
	]
}
