{
	"$schema": "https://playground.wordpress.net/blueprint-schema.json",
	"landingPage": "/wp-admin/post.php?post=6&action=edit",
	"steps": [
		{
			"step": "installPlugin",
			"pluginZipFile": {
				"resource": "url",
				"url": "https://raw.githubusercontent.com/WordPress/block-development-examples/deploy/zips/minimal-block-ca6eda.zip"
			}
		},
		{
			"step": "login",
			"username": "admin",
			"password": "password"
		},
		{
			"step": "importWxr",
			"file": {
				"resource": "url",
				"url": "https://raw.githubusercontent.com/WordPress/block-development-examples/trunk/plugins/minimal-block-ca6eda/_playground/export.xml"
			}
		},
		{
			"step": "writeFile",
			"path": "/wordpress/wp-content/plugins/customize-post-id/index.php",
			"data": {
				"resource": "url",
				"url": "https://raw.githubusercontent.com/WordPress/block-development-examples/trunk/plugins/minimal-block-ca6eda/_playground/customize-post-id.php"
			}
		}
	]
}
