<?xml version="1.0" encoding="UTF-8" ?>
<!-- This is a WordPress eXtended RSS file generated by WordPress as an export of your site. -->
<!-- It contains information about your site's posts, pages, comments, categories, and other content. -->
<!-- You may use this file to transfer that content from one site to another. -->
<!-- This file is not intended to serve as a complete backup of your site. -->

<!-- To import this information into a WordPress site follow these steps: -->
<!-- 1. Log in to that site as an administrator. -->
<!-- 2. Go to Tools: Import in the WordPress admin panel. -->
<!-- 3. Install the "WordPress" importer from the list. -->
<!-- 4. Activate & Run Importer. -->
<!-- 5. Upload this file using the form provided on that page. -->
<!-- 6. You will first be asked to map the authors in this export file to users -->
<!--    on the site. For each author, you may choose to map to an -->
<!--    existing user on the site or to create a new user. -->
<!-- 7. WordPress will then import each of the posts, pages, comments, categories, etc. -->
<!--    contained in this file into your site. -->

<!-- generator="WordPress/6.5-alpha-57140" created="2023-11-28 11:20" -->
<rss version="2.0"
	xmlns:excerpt="http://wordpress.org/export/1.2/excerpt/"
	xmlns:content="http://purl.org/rss/1.0/modules/content/"
	xmlns:wfw="http://wellformedweb.org/CommentAPI/"
	xmlns:dc="http://purl.org/dc/elements/1.1/"
	xmlns:wp="http://wordpress.org/export/1.2/">

	<channel>
		<title>minimal-block-ca6eda</title>
		<link>http://localhost:8888</link>
		<description></description>
		<pubDate>Tue, 28 Nov 2023 11:20:48 +0000</pubDate>
		<language>en-US</language>
		<wp:wxr_version>1.2</wp:wxr_version>
		<wp:base_site_url>http://localhost:8888</wp:base_site_url>
		<wp:base_blog_url>http://localhost:8888</wp:base_blog_url>

		<wp:author>
			<wp:author_id>1</wp:author_id>
			<wp:author_login><![CDATA[admin]]></wp:author_login>
			<wp:author_email><![CDATA[wordpress@example.com]]></wp:author_email>
			<wp:author_display_name><![CDATA[admin]]></wp:author_display_name>
			<wp:author_first_name><![CDATA[]]></wp:author_first_name>
			<wp:author_last_name><![CDATA[]]></wp:author_last_name>
		</wp:author>


		<generator>https://wordpress.org/?v=6.5-alpha-57140</generator>

		<item>
			<title><![CDATA[Minimal Block Example]]></title>
			<link>http://localhost:8888/?p=1</link>
			<pubDate>Tue, 28 Nov 2023 11:19:51 +0000</pubDate>
			<dc:creator><![CDATA[admin]]></dc:creator>
			<guid isPermaLink="false">http://localhost:8888/?p=1</guid>
			<description></description>
			<content:encoded><![CDATA[<!-- wp:block-development-examples/minimal-block-ca6eda -->
<p class="wp-block-block-development-examples-minimal-block-ca6eda">Hello World - Frontend</p>
<!-- /wp:block-development-examples/minimal-block-ca6eda -->]]></content:encoded>
			<excerpt:encoded><![CDATA[]]></excerpt:encoded>
			<wp:post_id>10</wp:post_id>
			<wp:post_date><![CDATA[2023-11-28 11:19:51]]></wp:post_date>
			<wp:post_date_gmt><![CDATA[2023-11-28 11:19:51]]></wp:post_date_gmt>
			<wp:post_modified><![CDATA[2023-11-28 11:19:51]]></wp:post_modified>
			<wp:post_modified_gmt><![CDATA[2023-11-28 11:19:51]]></wp:post_modified_gmt>
			<wp:comment_status><![CDATA[open]]></wp:comment_status>
			<wp:ping_status><![CDATA[open]]></wp:ping_status>
			<wp:post_name><![CDATA[minimal-block-example]]></wp:post_name>
			<wp:status><![CDATA[publish]]></wp:status>
			<wp:post_parent>0</wp:post_parent>
			<wp:menu_order>0</wp:menu_order>
			<wp:post_type><![CDATA[post]]></wp:post_type>
			<wp:post_password><![CDATA[]]></wp:post_password>
			<wp:is_sticky>0</wp:is_sticky>
			<category domain="category" nicename="uncategorized"><![CDATA[Uncategorized]]></category>
			<wp:postmeta>
				<wp:meta_key><![CDATA[_pingme]]></wp:meta_key>
				<wp:meta_value><![CDATA[1]]></wp:meta_value>
			</wp:postmeta>
			<wp:postmeta>
				<wp:meta_key><![CDATA[_encloseme]]></wp:meta_key>
				<wp:meta_value><![CDATA[1]]></wp:meta_value>
			</wp:postmeta>
		</item>
	</channel>
</rss>
	