
{
    "landingPage": "/wp-admin/post.php?post=4&action=edit",
    "steps": [
        {
            "step": "login",
            "username": "admin",
            "password": "password"
        },
        {
            "step": "mkdir",
            "path": "/downloads"
        },
        {
            "step": "writeFile",
            "path": "/downloads/plugin.zip",
            "data": {
            "resource": "url",
            "url": "https://raw.githubusercontent.com/WordPress/block-development-examples/deploy/zips/basic-esnext-a2ab62.zip",
            "caption": "Downloading plugin..."
            }
        },
        {
            "step": "installPlugin",
            "pluginZipFile": {
            "resource": "vfs",
            "path": "/downloads/plugin.zip"
            }
        },
        
    ]
}
  
