<?xml version="1.0" encoding="UTF-8" ?>
<!-- This is a WordPress eXtended RSS file generated by WordPress as an export of your site. -->
<!-- It contains information about your site's posts, pages, comments, categories, and other content. -->
<!-- You may use this file to transfer that content from one site to another. -->
<!-- This file is not intended to serve as a complete backup of your site. -->

<!-- To import this information into a WordPress site follow these steps: -->
<!-- 1. Log in to that site as an administrator. -->
<!-- 2. Go to Tools: Import in the WordPress admin panel. -->
<!-- 3. Install the "WordPress" importer from the list. -->
<!-- 4. Activate & Run Importer. -->
<!-- 5. Upload this file using the form provided on that page. -->
<!-- 6. You will first be asked to map the authors in this export file to users -->
<!--    on the site. For each author, you may choose to map to an -->
<!--    existing user on the site or to create a new user. -->
<!-- 7. WordPress will then import each of the posts, pages, comments, categories, etc. -->
<!--    contained in this file into your site. -->

<!-- generator="WordPress/6.7-beta1-59156" created="2024-10-03 13:07" -->
<rss version="2.0"
	xmlns:excerpt="http://wordpress.org/export/1.2/excerpt/"
	xmlns:content="http://purl.org/rss/1.0/modules/content/"
	xmlns:wfw="http://wellformedweb.org/CommentAPI/"
	xmlns:dc="http://purl.org/dc/elements/1.1/"
	xmlns:wp="http://wordpress.org/export/1.2/">

	<channel>
		<title>interactivity-router-2f43f8</title>
		<link>/</link>
		<description></description>
		<pubDate>Thu, 03 Oct 2024 13:07:38 +0000</pubDate>
		<language>en-US</language>
		<wp:wxr_version>1.2</wp:wxr_version>
		<wp:base_site_url></wp:base_site_url>
		<wp:base_blog_url></wp:base_blog_url>

		<wp:author>
			<wp:author_id>1</wp:author_id>
			<wp:author_login><![CDATA[admin]]></wp:author_login>
			<wp:author_email><![CDATA[wordpress@example.com]]></wp:author_email>
			<wp:author_display_name><![CDATA[admin]]></wp:author_display_name>
			<wp:author_first_name><![CDATA[]]></wp:author_first_name>
			<wp:author_last_name><![CDATA[]]></wp:author_last_name>
		</wp:author>

		<wp:category>
			<wp:term_id>1</wp:term_id>
			<wp:category_nicename><![CDATA[uncategorized]]></wp:category_nicename>
			<wp:category_parent><![CDATA[]]></wp:category_parent>
			<wp:cat_name><![CDATA[Uncategorized]]></wp:cat_name>
		</wp:category>
		<wp:term>
			<wp:term_id>2</wp:term_id>
			<wp:term_taxonomy><![CDATA[wp_theme]]></wp:term_taxonomy>
			<wp:term_slug><![CDATA[twentytwentyfive]]></wp:term_slug>
			<wp:term_parent><![CDATA[]]></wp:term_parent>
			<wp:term_name><![CDATA[twentytwentyfive]]></wp:term_name>
		</wp:term>
		<wp:term>
			<wp:term_id>3</wp:term_id>
			<wp:term_taxonomy><![CDATA[wp_theme]]></wp:term_taxonomy>
			<wp:term_slug><![CDATA[twentytwentyfour]]></wp:term_slug>
			<wp:term_parent><![CDATA[]]></wp:term_parent>
			<wp:term_name><![CDATA[twentytwentyfour]]></wp:term_name>
		</wp:term>
		<wp:term>
			<wp:term_id>1</wp:term_id>
			<wp:term_taxonomy><![CDATA[category]]></wp:term_taxonomy>
			<wp:term_slug><![CDATA[uncategorized]]></wp:term_slug>
			<wp:term_parent><![CDATA[]]></wp:term_parent>
			<wp:term_name><![CDATA[Uncategorized]]></wp:term_name>
		</wp:term>

		<generator>https://wordpress.org/?v=6.7-beta1-59156</generator>

		<item>
			<title><![CDATA[Ringo Starr]]></title>
			<link>/ringo-starr/</link>
			<pubDate>Wed, 02 Oct 2024 12:08:34 +0000</pubDate>
			<dc:creator><![CDATA[admin]]></dc:creator>
			<guid isPermaLink="false">/?p=1</guid>
			<description></description>
			<content:encoded><![CDATA[<!-- wp:group {"layout":{"type":"constrained"}} -->
<div class="wp-block-group"><!-- wp:block-development-examples/interactivity-router-2f43f8 {"prev":"/george-harrison"} -->
<div class="wp-block-block-development-examples-interactivity-router-2f43f8"><!-- wp:columns -->
<div class="wp-block-columns"><!-- wp:column -->
<div class="wp-block-column"><!-- wp:image {"id":62,"sizeSlug":"full","linkDestination":"none"} -->
<figure class="wp-block-image size-full"><img src="https://raw.githubusercontent.com/WordPress/block-development-examples/trunk/plugins/interactivity-router-2f43f8/_playground/images/ringo-starr.webp" alt="" class="wp-image-62"/></figure>
<!-- /wp:image --></div>
<!-- /wp:column -->

<!-- wp:column -->
<div class="wp-block-column"><!-- wp:paragraph -->
<p><strong>Ringo Starr</strong> (born Richard Starkey) is a British musician and actor best known as the drummer for <strong>The Beatles</strong>. He joined the band in 1962, completing the classic lineup of John Lennon, Paul McCartney, George Harrison, and himself. Ringo’s steady, creative drumming style was integral to the band's sound, and though he was not a primary songwriter, he sang lead vocals on popular Beatles tracks like "With a Little Help from My Friends" and "Yellow Submarine."</p>
<!-- /wp:paragraph --></div>
<!-- /wp:column --></div>
<!-- /wp:columns --></div>
<!-- /wp:block-development-examples/interactivity-router-2f43f8 --></div>
<!-- /wp:group -->

<!-- wp:paragraph -->
<p>After The Beatles disbanded in 1970, Starr pursued a successful solo career, releasing hit singles such as "It Don't Come Easy," "Photograph," and "You're Sixteen." In addition to his solo work, he has collaborated with many other musicians and formed the <strong>All-Starr Band</strong>, a rotating group of famous musicians with whom he continues to tour.</p>
<!-- /wp:paragraph -->

<!-- wp:paragraph -->
<p>Ringo is also known for his acting, appearing in films such as <em>A Hard Day’s Night</em>, <em>Help!</em>, and later works outside The Beatles. He has remained a beloved figure in music for his upbeat personality and contributions to rock music, and he was inducted into the Rock and Roll Hall of Fame both as a member of The Beatles and as a solo artist.</p>
<!-- /wp:paragraph -->]]></content:encoded>
			<excerpt:encoded><![CDATA[]]></excerpt:encoded>
			<wp:post_id>1</wp:post_id>
			<wp:post_date><![CDATA[2024-10-02 12:08:34]]></wp:post_date>
			<wp:post_date_gmt><![CDATA[2024-10-02 12:08:34]]></wp:post_date_gmt>
			<wp:post_modified><![CDATA[2024-10-03 12:44:56]]></wp:post_modified>
			<wp:post_modified_gmt><![CDATA[2024-10-03 12:44:56]]></wp:post_modified_gmt>
			<wp:comment_status><![CDATA[open]]></wp:comment_status>
			<wp:ping_status><![CDATA[open]]></wp:ping_status>
			<wp:post_name><![CDATA[ringo-starr]]></wp:post_name>
			<wp:status><![CDATA[publish]]></wp:status>
			<wp:post_parent>0</wp:post_parent>
			<wp:menu_order>0</wp:menu_order>
			<wp:post_type><![CDATA[post]]></wp:post_type>
			<wp:post_password><![CDATA[]]></wp:post_password>
			<wp:is_sticky>0</wp:is_sticky>
			<category domain="category" nicename="uncategorized"><![CDATA[Uncategorized]]></category>
			<wp:postmeta>
				<wp:meta_key><![CDATA[_pingme]]></wp:meta_key>
				<wp:meta_value><![CDATA[1]]></wp:meta_value>
			</wp:postmeta>
			<wp:postmeta>
				<wp:meta_key><![CDATA[_encloseme]]></wp:meta_key>
				<wp:meta_value><![CDATA[1]]></wp:meta_value>
			</wp:postmeta>
			<wp:postmeta>
				<wp:meta_key><![CDATA[_wp_old_slug]]></wp:meta_key>
				<wp:meta_value><![CDATA[hello-world]]></wp:meta_value>
			</wp:postmeta>
			<wp:comment>
				<wp:comment_id>1</wp:comment_id>
				<wp:comment_author><![CDATA[A WordPress Commenter]]></wp:comment_author>
				<wp:comment_author_email><![CDATA[wapuu@wordpress.example]]></wp:comment_author_email>
				<wp:comment_author_url>https://wordpress.org/</wp:comment_author_url>
				<wp:comment_author_IP><![CDATA[]]></wp:comment_author_IP>
				<wp:comment_date><![CDATA[2024-10-02 12:08:34]]></wp:comment_date>
				<wp:comment_date_gmt><![CDATA[2024-10-02 12:08:34]]></wp:comment_date_gmt>
				<wp:comment_content><![CDATA[Hi, this is a comment.
To get started with moderating, editing, and deleting comments, please visit the Comments screen in the dashboard.
Commenter avatars come from <a href="https://gravatar.com/">Gravatar</a>.]]></wp:comment_content>
				<wp:comment_approved><![CDATA[1]]></wp:comment_approved>
				<wp:comment_type><![CDATA[comment]]></wp:comment_type>
				<wp:comment_parent>0</wp:comment_parent>
				<wp:comment_user_id>0</wp:comment_user_id>
			</wp:comment>
		</item>
		<item>
			<title><![CDATA[Sample Page]]></title>
			<link>/sample-page/</link>
			<pubDate>Wed, 02 Oct 2024 12:08:34 +0000</pubDate>
			<dc:creator><![CDATA[admin]]></dc:creator>
			<guid isPermaLink="false">/?page_id=2</guid>
			<description></description>
			<content:encoded><![CDATA[<!-- wp:paragraph -->
<p>This is an example page. It's different from a blog post because it will stay in one place and will show up in your site navigation (in most themes). Most people start with an About page that introduces them to potential site visitors. It might say something like this:</p>
<!-- /wp:paragraph -->

<!-- wp:quote -->
<blockquote class="wp-block-quote"><p>Hi there! I'm a bike messenger by day, aspiring actor by night, and this is my website. I live in Los Angeles, have a great dog named Jack, and I like pi&#241;a coladas. (And gettin' caught in the rain.)</p></blockquote>
<!-- /wp:quote -->

<!-- wp:paragraph -->
<p>...or something like this:</p>
<!-- /wp:paragraph -->

<!-- wp:quote -->
<blockquote class="wp-block-quote"><p>The XYZ Doohickey Company was founded in 1971, and has been providing quality doohickeys to the public ever since. Located in Gotham City, XYZ employs over 2,000 people and does all kinds of awesome things for the Gotham community.</p></blockquote>
<!-- /wp:quote -->

<!-- wp:paragraph -->
<p>As a new WordPress user, you should go to <a href="/wp-admin/">your dashboard</a> to delete this page and create new pages for your content. Have fun!</p>
<!-- /wp:paragraph -->]]></content:encoded>
			<excerpt:encoded><![CDATA[]]></excerpt:encoded>
			<wp:post_id>2</wp:post_id>
			<wp:post_date><![CDATA[2024-10-02 12:08:34]]></wp:post_date>
			<wp:post_date_gmt><![CDATA[2024-10-02 12:08:34]]></wp:post_date_gmt>
			<wp:post_modified><![CDATA[2024-10-02 12:08:34]]></wp:post_modified>
			<wp:post_modified_gmt><![CDATA[2024-10-02 12:08:34]]></wp:post_modified_gmt>
			<wp:comment_status><![CDATA[closed]]></wp:comment_status>
			<wp:ping_status><![CDATA[open]]></wp:ping_status>
			<wp:post_name><![CDATA[sample-page]]></wp:post_name>
			<wp:status><![CDATA[publish]]></wp:status>
			<wp:post_parent>0</wp:post_parent>
			<wp:menu_order>0</wp:menu_order>
			<wp:post_type><![CDATA[page]]></wp:post_type>
			<wp:post_password><![CDATA[]]></wp:post_password>
			<wp:is_sticky>0</wp:is_sticky>
			<wp:postmeta>
				<wp:meta_key><![CDATA[_wp_page_template]]></wp:meta_key>
				<wp:meta_value><![CDATA[default]]></wp:meta_value>
			</wp:postmeta>
		</item>
		<item>
			<title><![CDATA[Privacy Policy]]></title>
			<link>/?page_id=3</link>
			<pubDate>Wed, 02 Oct 2024 12:08:34 +0000</pubDate>
			<dc:creator><![CDATA[admin]]></dc:creator>
			<guid isPermaLink="false">/?page_id=3</guid>
			<description></description>
			<content:encoded><![CDATA[<!-- wp:heading -->
<h2 class="wp-block-heading">Who we are</h2>
<!-- /wp:heading -->
<!-- wp:paragraph -->
<p><strong class="privacy-policy-tutorial">Suggested text: </strong>Our website address is: .</p>
<!-- /wp:paragraph -->
<!-- wp:heading -->
<h2 class="wp-block-heading">Comments</h2>
<!-- /wp:heading -->
<!-- wp:paragraph -->
<p><strong class="privacy-policy-tutorial">Suggested text: </strong>When visitors leave comments on the site we collect the data shown in the comments form, and also the visitor&#8217;s IP address and browser user agent string to help spam detection.</p>
<!-- /wp:paragraph -->
<!-- wp:paragraph -->
<p>An anonymized string created from your email address (also called a hash) may be provided to the Gravatar service to see if you are using it. The Gravatar service privacy policy is available here: https://automattic.com/privacy/. After approval of your comment, your profile picture is visible to the public in the context of your comment.</p>
<!-- /wp:paragraph -->
<!-- wp:heading -->
<h2 class="wp-block-heading">Media</h2>
<!-- /wp:heading -->
<!-- wp:paragraph -->
<p><strong class="privacy-policy-tutorial">Suggested text: </strong>If you upload images to the website, you should avoid uploading images with embedded location data (EXIF GPS) included. Visitors to the website can download and extract any location data from images on the website.</p>
<!-- /wp:paragraph -->
<!-- wp:heading -->
<h2 class="wp-block-heading">Cookies</h2>
<!-- /wp:heading -->
<!-- wp:paragraph -->
<p><strong class="privacy-policy-tutorial">Suggested text: </strong>If you leave a comment on our site you may opt-in to saving your name, email address and website in cookies. These are for your convenience so that you do not have to fill in your details again when you leave another comment. These cookies will last for one year.</p>
<!-- /wp:paragraph -->
<!-- wp:paragraph -->
<p>If you visit our login page, we will set a temporary cookie to determine if your browser accepts cookies. This cookie contains no personal data and is discarded when you close your browser.</p>
<!-- /wp:paragraph -->
<!-- wp:paragraph -->
<p>When you log in, we will also set up several cookies to save your login information and your screen display choices. Login cookies last for two days, and screen options cookies last for a year. If you select &quot;Remember Me&quot;, your login will persist for two weeks. If you log out of your account, the login cookies will be removed.</p>
<!-- /wp:paragraph -->
<!-- wp:paragraph -->
<p>If you edit or publish an article, an additional cookie will be saved in your browser. This cookie includes no personal data and simply indicates the post ID of the article you just edited. It expires after 1 day.</p>
<!-- /wp:paragraph -->
<!-- wp:heading -->
<h2 class="wp-block-heading">Embedded content from other websites</h2>
<!-- /wp:heading -->
<!-- wp:paragraph -->
<p><strong class="privacy-policy-tutorial">Suggested text: </strong>Articles on this site may include embedded content (e.g. videos, images, articles, etc.). Embedded content from other websites behaves in the exact same way as if the visitor has visited the other website.</p>
<!-- /wp:paragraph -->
<!-- wp:paragraph -->
<p>These websites may collect data about you, use cookies, embed additional third-party tracking, and monitor your interaction with that embedded content, including tracking your interaction with the embedded content if you have an account and are logged in to that website.</p>
<!-- /wp:paragraph -->
<!-- wp:heading -->
<h2 class="wp-block-heading">Who we share your data with</h2>
<!-- /wp:heading -->
<!-- wp:paragraph -->
<p><strong class="privacy-policy-tutorial">Suggested text: </strong>If you request a password reset, your IP address will be included in the reset email.</p>
<!-- /wp:paragraph -->
<!-- wp:heading -->
<h2 class="wp-block-heading">How long we retain your data</h2>
<!-- /wp:heading -->
<!-- wp:paragraph -->
<p><strong class="privacy-policy-tutorial">Suggested text: </strong>If you leave a comment, the comment and its metadata are retained indefinitely. This is so we can recognize and approve any follow-up comments automatically instead of holding them in a moderation queue.</p>
<!-- /wp:paragraph -->
<!-- wp:paragraph -->
<p>For users that register on our website (if any), we also store the personal information they provide in their user profile. All users can see, edit, or delete their personal information at any time (except they cannot change their username). Website administrators can also see and edit that information.</p>
<!-- /wp:paragraph -->
<!-- wp:heading -->
<h2 class="wp-block-heading">What rights you have over your data</h2>
<!-- /wp:heading -->
<!-- wp:paragraph -->
<p><strong class="privacy-policy-tutorial">Suggested text: </strong>If you have an account on this site, or have left comments, you can request to receive an exported file of the personal data we hold about you, including any data you have provided to us. You can also request that we erase any personal data we hold about you. This does not include any data we are obliged to keep for administrative, legal, or security purposes.</p>
<!-- /wp:paragraph -->
<!-- wp:heading -->
<h2 class="wp-block-heading">Where your data is sent</h2>
<!-- /wp:heading -->
<!-- wp:paragraph -->
<p><strong class="privacy-policy-tutorial">Suggested text: </strong>Visitor comments may be checked through an automated spam detection service.</p>
<!-- /wp:paragraph -->
]]>			</content:encoded>
			<excerpt:encoded><![CDATA[]]></excerpt:encoded>
			<wp:post_id>3</wp:post_id>
			<wp:post_date><![CDATA[2024-10-02 12:08:34]]></wp:post_date>
			<wp:post_date_gmt><![CDATA[2024-10-02 12:08:34]]></wp:post_date_gmt>
			<wp:post_modified><![CDATA[2024-10-02 12:08:34]]></wp:post_modified>
			<wp:post_modified_gmt><![CDATA[2024-10-02 12:08:34]]></wp:post_modified_gmt>
			<wp:comment_status><![CDATA[closed]]></wp:comment_status>
			<wp:ping_status><![CDATA[open]]></wp:ping_status>
			<wp:post_name><![CDATA[privacy-policy]]></wp:post_name>
			<wp:status><![CDATA[draft]]></wp:status>
			<wp:post_parent>0</wp:post_parent>
			<wp:menu_order>0</wp:menu_order>
			<wp:post_type><![CDATA[page]]></wp:post_type>
			<wp:post_password><![CDATA[]]></wp:post_password>
			<wp:is_sticky>0</wp:is_sticky>
			<wp:postmeta>
				<wp:meta_key><![CDATA[_wp_page_template]]></wp:meta_key>
				<wp:meta_value><![CDATA[default]]></wp:meta_value>
			</wp:postmeta>
		</item>
		<item>
			<title><![CDATA[Paul McCartney]]></title>
			<link>//paul-mccartney/</link>
			<pubDate>Wed, 02 Oct 2024 12:08:35 +0000</pubDate>
			<dc:creator><![CDATA[admin]]></dc:creator>
			<guid isPermaLink="false">/?p=4</guid>
			<description></description>
			<content:encoded><![CDATA[<!-- wp:group {"layout":{"type":"constrained"}} -->
<div class="wp-block-group"><!-- wp:block-development-examples/interactivity-router-2f43f8 {"next":"/john-lennon", "prev":"/"} -->
<div class="wp-block-block-development-examples-interactivity-router-2f43f8"><!-- wp:columns {"isStackedOnMobile":false} -->
<div class="wp-block-columns is-not-stacked-on-mobile"><!-- wp:column -->
<div class="wp-block-column"><!-- wp:image {"id":30,"sizeSlug":"large","linkDestination":"none"} -->
<figure class="wp-block-image size-large"><img src="https://raw.githubusercontent.com/WordPress/block-development-examples/trunk/plugins/interactivity-router-2f43f8/_playground/images/paul-mccartney.webp" alt="" class="wp-image-30"/></figure>
<!-- /wp:image --></div>
<!-- /wp:column -->

<!-- wp:column -->
<div class="wp-block-column"><!-- wp:paragraph -->
<p><strong>Paul McCartney</strong> is a British musician, singer, and songwriter who gained global fame as a member of <strong>The Beatles</strong>, one of the most influential bands in music history. As the bassist and co-lead vocalist, McCartney was known for his melodic bass lines and wide-ranging vocal ability. He co-wrote many iconic songs with John Lennon, contributing to hits like "Hey Jude," "Let It Be," and "Yesterday."</p>
<!-- /wp:paragraph --></div>
<!-- /wp:column --></div>
<!-- /wp:columns --></div>
<!-- /wp:block-development-examples/interactivity-router-2f43f8 --></div>
<!-- /wp:group -->

<!-- wp:paragraph -->
<p>After The Beatles disbanded in 1970, McCartney continued to thrive with a successful solo career and formed the band <strong>Wings</strong>, producing hits such as "Band on the Run" and "Live and Let Die." He remains active in the music industry, celebrated for his contributions to rock and pop music.</p>
<!-- /wp:paragraph -->

<!-- wp:paragraph -->
<p></p>
<!-- /wp:paragraph -->]]></content:encoded>
			<excerpt:encoded><![CDATA[]]></excerpt:encoded>
			<wp:post_id>4</wp:post_id>
			<wp:post_date><![CDATA[2024-10-02 12:08:35]]></wp:post_date>
			<wp:post_date_gmt><![CDATA[2024-10-02 12:08:35]]></wp:post_date_gmt>
			<wp:post_modified><![CDATA[2024-10-03 12:44:28]]></wp:post_modified>
			<wp:post_modified_gmt><![CDATA[2024-10-03 12:44:28]]></wp:post_modified_gmt>
			<wp:comment_status><![CDATA[open]]></wp:comment_status>
			<wp:ping_status><![CDATA[open]]></wp:ping_status>
			<wp:post_name><![CDATA[paul-mccartney]]></wp:post_name>
			<wp:status><![CDATA[publish]]></wp:status>
			<wp:post_parent>0</wp:post_parent>
			<wp:menu_order>0</wp:menu_order>
			<wp:post_type><![CDATA[post]]></wp:post_type>
			<wp:post_password><![CDATA[]]></wp:post_password>
			<wp:is_sticky>0</wp:is_sticky>
			<category domain="category" nicename="uncategorized"><![CDATA[Uncategorized]]></category>
			<wp:postmeta>
				<wp:meta_key><![CDATA[_pingme]]></wp:meta_key>
				<wp:meta_value><![CDATA[1]]></wp:meta_value>
			</wp:postmeta>
			<wp:postmeta>
				<wp:meta_key><![CDATA[_encloseme]]></wp:meta_key>
				<wp:meta_value><![CDATA[1]]></wp:meta_value>
			</wp:postmeta>
			<wp:postmeta>
				<wp:meta_key><![CDATA[_wp_old_slug]]></wp:meta_key>
				<wp:meta_value><![CDATA[post-1]]></wp:meta_value>
			</wp:postmeta>
		</item>
		<item>
			<title><![CDATA[John Lennon]]></title>
			<link>//john-lennon/</link>
			<pubDate>Wed, 02 Oct 2024 12:08:35 +0000</pubDate>
			<dc:creator><![CDATA[admin]]></dc:creator>
			<guid isPermaLink="false">/?p=5</guid>
			<description></description>
			<content:encoded><![CDATA[<!-- wp:group {"layout":{"type":"constrained"}} -->
<div class="wp-block-group"><!-- wp:block-development-examples/interactivity-router-2f43f8 {"next":"/george-harrison", "prev":"/paul-mccartney"} -->
<div class="wp-block-block-development-examples-interactivity-router-2f43f8"><!-- wp:columns -->
<div class="wp-block-columns"><!-- wp:column -->
<div class="wp-block-column"><!-- wp:image {"id":42,"sizeSlug":"large","linkDestination":"none"} -->
<figure class="wp-block-image size-large"><img src="https://raw.githubusercontent.com/WordPress/block-development-examples/trunk/plugins/interactivity-router-2f43f8/_playground/images/john-lennon.webp" alt="" class="wp-image-42"/></figure>
<!-- /wp:image --></div>
<!-- /wp:column -->

<!-- wp:column -->
<div class="wp-block-column"><!-- wp:paragraph -->
<p><strong>John Lennon</strong> was a British musician, songwriter, and peace activist, best known as a founding member of <strong>The Beatles</strong>. As the band's co-lead vocalist and rhythm guitarist, Lennon contributed to some of the most famous songs in popular music, such as "Imagine," "Come Together," and "A Day in the Life." Alongside Paul McCartney, he co-wrote many of the band's biggest hits.</p>
<!-- /wp:paragraph --></div>
<!-- /wp:column --></div>
<!-- /wp:columns --></div>
<!-- /wp:block-development-examples/interactivity-router-2f43f8 -->

<!-- wp:paragraph -->
<p></p>
<!-- /wp:paragraph --></div>
<!-- /wp:group -->

<!-- wp:paragraph -->
<p>Lennon also had a successful solo career, particularly with his iconic peace anthem "Imagine." Throughout his life, he was an outspoken advocate for peace, often using his platform to promote anti-war and social justice causes. He was tragically assassinated in 1980, but his music and message of peace continue to inspire generations.</p>
<!-- /wp:paragraph -->]]></content:encoded>
			<excerpt:encoded><![CDATA[]]></excerpt:encoded>
			<wp:post_id>5</wp:post_id>
			<wp:post_date><![CDATA[2024-10-02 12:08:35]]></wp:post_date>
			<wp:post_date_gmt><![CDATA[2024-10-02 12:08:35]]></wp:post_date_gmt>
			<wp:post_modified><![CDATA[2024-10-03 12:44:38]]></wp:post_modified>
			<wp:post_modified_gmt><![CDATA[2024-10-03 12:44:38]]></wp:post_modified_gmt>
			<wp:comment_status><![CDATA[open]]></wp:comment_status>
			<wp:ping_status><![CDATA[open]]></wp:ping_status>
			<wp:post_name><![CDATA[john-lennon]]></wp:post_name>
			<wp:status><![CDATA[publish]]></wp:status>
			<wp:post_parent>0</wp:post_parent>
			<wp:menu_order>0</wp:menu_order>
			<wp:post_type><![CDATA[post]]></wp:post_type>
			<wp:post_password><![CDATA[]]></wp:post_password>
			<wp:is_sticky>0</wp:is_sticky>
			<category domain="category" nicename="uncategorized"><![CDATA[Uncategorized]]></category>
			<wp:postmeta>
				<wp:meta_key><![CDATA[_pingme]]></wp:meta_key>
				<wp:meta_value><![CDATA[1]]></wp:meta_value>
			</wp:postmeta>
			<wp:postmeta>
				<wp:meta_key><![CDATA[_encloseme]]></wp:meta_key>
				<wp:meta_value><![CDATA[1]]></wp:meta_value>
			</wp:postmeta>
			<wp:postmeta>
				<wp:meta_key><![CDATA[_wp_old_slug]]></wp:meta_key>
				<wp:meta_value><![CDATA[post-2]]></wp:meta_value>
			</wp:postmeta>
		</item>
		<item>
			<title><![CDATA[George Harrison]]></title>
			<link>//george-harrison/</link>
			<pubDate>Wed, 02 Oct 2024 12:08:35 +0000</pubDate>
			<dc:creator><![CDATA[admin]]></dc:creator>
			<guid isPermaLink="false">/?p=6</guid>
			<description></description>
			<content:encoded><![CDATA[<!-- wp:group {"layout":{"type":"constrained"}} -->
<div class="wp-block-group"><!-- wp:block-development-examples/interactivity-router-2f43f8 {"next":"/ringo-starr", "prev":"/john-lennon"} -->
<div class="wp-block-block-development-examples-interactivity-router-2f43f8"><!-- wp:columns -->
<div class="wp-block-columns"><!-- wp:column -->
<div class="wp-block-column"><!-- wp:image {"id":53,"sizeSlug":"full","linkDestination":"none"} -->
<figure class="wp-block-image size-full"><img src="https://raw.githubusercontent.com/WordPress/block-development-examples/trunk/plugins/interactivity-router-2f43f8/_playground/images/george-harrison.webp" alt="" class="wp-image-53"/></figure>
<!-- /wp:image --></div>
<!-- /wp:column -->

<!-- wp:column -->
<div class="wp-block-column"><!-- wp:paragraph -->
<p><strong>George Harrison</strong> was a British musician, singer, and songwriter best known as the lead guitarist of <strong>The Beatles</strong>. Often referred to as "The Quiet Beatle," Harrison's talent as a songwriter blossomed later in the band's career, contributing iconic songs like "Here Comes the Sun," "Something," and "While My Guitar Gently Weeps."</p>
<!-- /wp:paragraph --></div>
<!-- /wp:column --></div>
<!-- /wp:columns --></div>
<!-- /wp:block-development-examples/interactivity-router-2f43f8 --></div>
<!-- /wp:group -->

<!-- wp:paragraph -->
<p>After The Beatles disbanded, Harrison launched a successful solo career, releasing the critically acclaimed triple album <em>All Things Must Pass</em>, which included the hit single "My Sweet Lord." He became known for his spiritual lyrics, drawing inspiration from Eastern philosophy and Indian music, which he famously introduced to Western audiences by incorporating sitar into The Beatles' songs.</p>
<!-- /wp:paragraph -->

<!-- wp:paragraph -->
<p>Harrison was also a pioneer in organizing large-scale charity events with his <em>Concert for Bangladesh</em> in 1971, influencing future humanitarian efforts in music. He continued to release music through his solo career and as a member of the supergroup <strong>Traveling Wilburys</strong>. Harrison passed away in 2001, but his legacy as a musician and spiritual seeker endures.</p>
<!-- /wp:paragraph -->]]></content:encoded>
			<excerpt:encoded><![CDATA[]]></excerpt:encoded>
			<wp:post_id>6</wp:post_id>
			<wp:post_date><![CDATA[2024-10-02 12:08:35]]></wp:post_date>
			<wp:post_date_gmt><![CDATA[2024-10-02 12:08:35]]></wp:post_date_gmt>
			<wp:post_modified><![CDATA[2024-10-03 12:44:46]]></wp:post_modified>
			<wp:post_modified_gmt><![CDATA[2024-10-03 12:44:46]]></wp:post_modified_gmt>
			<wp:comment_status><![CDATA[open]]></wp:comment_status>
			<wp:ping_status><![CDATA[open]]></wp:ping_status>
			<wp:post_name><![CDATA[george-harrison]]></wp:post_name>
			<wp:status><![CDATA[publish]]></wp:status>
			<wp:post_parent>0</wp:post_parent>
			<wp:menu_order>0</wp:menu_order>
			<wp:post_type><![CDATA[post]]></wp:post_type>
			<wp:post_password><![CDATA[]]></wp:post_password>
			<wp:is_sticky>0</wp:is_sticky>
			<category domain="category" nicename="uncategorized"><![CDATA[Uncategorized]]></category>
			<wp:postmeta>
				<wp:meta_key><![CDATA[_pingme]]></wp:meta_key>
				<wp:meta_value><![CDATA[1]]></wp:meta_value>
			</wp:postmeta>
			<wp:postmeta>
				<wp:meta_key><![CDATA[_encloseme]]></wp:meta_key>
				<wp:meta_value><![CDATA[1]]></wp:meta_value>
			</wp:postmeta>
			<wp:postmeta>
				<wp:meta_key><![CDATA[_edit_last]]></wp:meta_key>
				<wp:meta_value><![CDATA[1]]></wp:meta_value>
			</wp:postmeta>
			<wp:postmeta>
				<wp:meta_key><![CDATA[footnotes]]></wp:meta_key>
				<wp:meta_value><![CDATA[]]></wp:meta_value>
			</wp:postmeta>
			<wp:postmeta>
				<wp:meta_key><![CDATA[_wp_old_slug]]></wp:meta_key>
				<wp:meta_value><![CDATA[post-3]]></wp:meta_value>
			</wp:postmeta>
		</item>
		<item>
			<title><![CDATA[Navigation]]></title>
			<link>//navigation/</link>
			<pubDate>Wed, 02 Oct 2024 12:12:59 +0000</pubDate>
			<dc:creator><![CDATA[]]></dc:creator>
			<guid isPermaLink="false">/?p=7</guid>
			<description></description>
			<content:encoded><![CDATA[<!-- wp:page-list /-->]]></content:encoded>
			<excerpt:encoded><![CDATA[]]></excerpt:encoded>
			<wp:post_id>7</wp:post_id>
			<wp:post_date><![CDATA[2024-10-02 12:12:59]]></wp:post_date>
			<wp:post_date_gmt><![CDATA[2024-10-02 12:12:59]]></wp:post_date_gmt>
			<wp:post_modified><![CDATA[2024-10-02 12:12:59]]></wp:post_modified>
			<wp:post_modified_gmt><![CDATA[2024-10-02 12:12:59]]></wp:post_modified_gmt>
			<wp:comment_status><![CDATA[closed]]></wp:comment_status>
			<wp:ping_status><![CDATA[closed]]></wp:ping_status>
			<wp:post_name><![CDATA[navigation]]></wp:post_name>
			<wp:status><![CDATA[publish]]></wp:status>
			<wp:post_parent>0</wp:post_parent>
			<wp:menu_order>0</wp:menu_order>
			<wp:post_type><![CDATA[wp_navigation]]></wp:post_type>
			<wp:post_password><![CDATA[]]></wp:post_password>
			<wp:is_sticky>0</wp:is_sticky>
		</item>
		<item>
			<title><![CDATA[Custom Styles]]></title>
			<link>//wp-global-styles-twentytwentyfive/</link>
			<pubDate>Wed, 02 Oct 2024 12:13:37 +0000</pubDate>
			<dc:creator><![CDATA[admin]]></dc:creator>
			<guid isPermaLink="false">/wp-global-styles-twentytwentyfive/</guid>
			<description></description>
			<content:encoded><![CDATA[{"version": 3, "isGlobalStylesUserThemeJSON": true }]]></content:encoded>
			<excerpt:encoded><![CDATA[]]></excerpt:encoded>
			<wp:post_id>9</wp:post_id>
			<wp:post_date><![CDATA[2024-10-02 12:13:37]]></wp:post_date>
			<wp:post_date_gmt><![CDATA[2024-10-02 12:13:37]]></wp:post_date_gmt>
			<wp:post_modified><![CDATA[2024-10-02 12:13:37]]></wp:post_modified>
			<wp:post_modified_gmt><![CDATA[2024-10-02 12:13:37]]></wp:post_modified_gmt>
			<wp:comment_status><![CDATA[closed]]></wp:comment_status>
			<wp:ping_status><![CDATA[closed]]></wp:ping_status>
			<wp:post_name><![CDATA[wp-global-styles-twentytwentyfive]]></wp:post_name>
			<wp:status><![CDATA[publish]]></wp:status>
			<wp:post_parent>0</wp:post_parent>
			<wp:menu_order>0</wp:menu_order>
			<wp:post_type><![CDATA[wp_global_styles]]></wp:post_type>
			<wp:post_password><![CDATA[]]></wp:post_password>
			<wp:is_sticky>0</wp:is_sticky>
			<category domain="wp_theme" nicename="twentytwentyfive"><![CDATA[twentytwentyfive]]></category>
		</item>
		<item>
			<title><![CDATA[Custom Styles]]></title>
			<link>//wp-global-styles-twentytwentyfour/</link>
			<pubDate>Thu, 03 Oct 2024 10:21:09 +0000</pubDate>
			<dc:creator><![CDATA[admin]]></dc:creator>
			<guid isPermaLink="false">/wp-global-styles-twentytwentyfour/</guid>
			<description></description>
			<content:encoded><![CDATA[{"version": 3, "isGlobalStylesUserThemeJSON": true }]]></content:encoded>
			<excerpt:encoded><![CDATA[]]></excerpt:encoded>
			<wp:post_id>26</wp:post_id>
			<wp:post_date><![CDATA[2024-10-03 10:21:09]]></wp:post_date>
			<wp:post_date_gmt><![CDATA[2024-10-03 10:21:09]]></wp:post_date_gmt>
			<wp:post_modified><![CDATA[2024-10-03 10:21:09]]></wp:post_modified>
			<wp:post_modified_gmt><![CDATA[2024-10-03 10:21:09]]></wp:post_modified_gmt>
			<wp:comment_status><![CDATA[closed]]></wp:comment_status>
			<wp:ping_status><![CDATA[closed]]></wp:ping_status>
			<wp:post_name><![CDATA[wp-global-styles-twentytwentyfour]]></wp:post_name>
			<wp:status><![CDATA[publish]]></wp:status>
			<wp:post_parent>0</wp:post_parent>
			<wp:menu_order>0</wp:menu_order>
			<wp:post_type><![CDATA[wp_global_styles]]></wp:post_type>
			<wp:post_password><![CDATA[]]></wp:post_password>
			<wp:is_sticky>0</wp:is_sticky>
			<category domain="wp_theme" nicename="twentytwentyfour"><![CDATA[twentytwentyfour]]></category>
		</item>
		<item>
			<title><![CDATA[Blog Home]]></title>
			<link>//home/</link>
			<pubDate>Thu, 03 Oct 2024 10:21:33 +0000</pubDate>
			<dc:creator><![CDATA[admin]]></dc:creator>
			<guid isPermaLink="false">/home/</guid>
			<description></description>
			<content:encoded><![CDATA[<!-- wp:template-part {"slug":"header","theme":"twentytwentyfour","tagName":"header","area":"header"} /-->

<!-- wp:group {"tagName":"main","style":{"spacing":{"blockGap":"0","margin":{"top":"0"}}},"layout":{"type":"constrained"}} -->
<main class="wp-block-group" style="margin-top:0"><!-- wp:group {"align":"full","style":{"spacing":{"padding":{"top":"var:preset|spacing|50","bottom":"var:preset|spacing|50","left":"var:preset|spacing|50","right":"var:preset|spacing|50"}}},"layout":{"type":"constrained"}} -->
<div class="wp-block-group alignfull" style="padding-top:var(--wp--preset--spacing--50);padding-right:var(--wp--preset--spacing--50);padding-bottom:var(--wp--preset--spacing--50);padding-left:var(--wp--preset--spacing--50)"><!-- wp:group {"align":"full","style":{"spacing":{"blockGap":"0px"}},"layout":{"type":"constrained","contentSize":""}} -->
<div class="wp-block-group alignfull"><!-- wp:heading {"textAlign":"center","level":1,"fontSize":"x-large"} -->
<h1 class="wp-block-heading has-text-align-center has-x-large-font-size">The Beatles</h1>
<!-- /wp:heading -->

<!-- wp:spacer {"height":"1.25rem"} -->
<div style="height:1.25rem" aria-hidden="true" class="wp-block-spacer"></div>
<!-- /wp:spacer -->

<!-- wp:block-development-examples/interactivity-router-2f43f8 {"next":"/paul-mccartney"} -->
<div class="wp-block-block-development-examples-interactivity-router-2f43f8"><!-- wp:paragraph -->
<p><strong>The Beatles</strong> were an iconic British rock band formed in <strong>Liverpool</strong> in 1960. The group consisted of <strong>John Lennon</strong>, <strong>Paul McCartney</strong>, <strong>George Harrison</strong>, and <strong>Ringo Starr</strong>, and they are widely regarded as one of the most influential and successful bands in the history of music.</p>
<!-- /wp:paragraph --></div>
<!-- /wp:block-development-examples/interactivity-router-2f43f8 -->

<!-- wp:spacer {"height":"1.25rem"} -->
<div style="height:1.25rem" aria-hidden="true" class="wp-block-spacer"></div>
<!-- /wp:spacer -->

<!-- wp:paragraph -->
<p></p>
<!-- /wp:paragraph -->

<!-- wp:paragraph {"align":"left","style":{"spacing":{"padding":{"top":"var:preset|spacing|20","bottom":"var:preset|spacing|20"}}}} -->
<p class="has-text-align-left" style="padding-top:var(--wp--preset--spacing--20);padding-bottom:var(--wp--preset--spacing--20)">The Beatles revolutionized popular music with their innovative songwriting, harmonies, and recordings, producing timeless hits like "Hey Jude," "Let It Be," "Yesterday," and "A Hard Day's Night." Their experimentation with different musical styles, including rock, pop, and psychedelia, transformed the sound of the 1960s. Albums such as <em>Sgt. Pepper's Lonely Hearts Club Band</em> and <em>Abbey Road</em> are considered masterpieces.</p>
<!-- /wp:paragraph -->

<!-- wp:paragraph -->
<p></p>
<!-- /wp:paragraph -->

<!-- wp:paragraph {"align":"left","style":{"spacing":{"margin":{"top":"var:preset|spacing|20","bottom":"var:preset|spacing|20"}}}} -->
<p class="has-text-align-left" style="margin-top:var(--wp--preset--spacing--20);margin-bottom:var(--wp--preset--spacing--20)">Beyond their musical impact, The Beatles influenced fashion, culture, and social movements, becoming a global phenomenon and a symbol of the "British Invasion" of the U.S. music scene. They disbanded in 1970, but their legacy continues to shape music and popular culture.</p>
<!-- /wp:paragraph -->

<!-- wp:spacer {"height":"1.25rem"} -->
<div style="height:1.25rem" aria-hidden="true" class="wp-block-spacer"></div>
<!-- /wp:spacer --></div>
<!-- /wp:group -->

<!-- wp:spacer {"height":"var:preset|spacing|30","style":{"layout":[]}} -->
<div style="height:var(--wp--preset--spacing--30)" aria-hidden="true" class="wp-block-spacer"></div>
<!-- /wp:spacer -->

<!-- wp:image {"sizeSlug":"full","linkDestination":"none","align":"wide","className":"is-style-rounded"} -->
<figure class="wp-block-image alignwide size-full is-style-rounded"><img src="/wp-content/themes/twentytwentyfour/assets/images/building-exterior.webp" alt="Building exterior in Toronto, Canada"/></figure>
<!-- /wp:image --></div>
<!-- /wp:group -->

<!-- wp:group {"align":"full","style":{"spacing":{"margin":{"top":"0","bottom":"0"},"padding":{"top":"var:preset|spacing|50","bottom":"var:preset|spacing|50","left":"var:preset|spacing|50","right":"var:preset|spacing|50"}}},"backgroundColor":"base-2","layout":{"type":"constrained"}} -->
<div class="wp-block-group alignfull has-base-2-background-color has-background" style="margin-top:0;margin-bottom:0;padding-top:var(--wp--preset--spacing--50);padding-right:var(--wp--preset--spacing--50);padding-bottom:var(--wp--preset--spacing--50);padding-left:var(--wp--preset--spacing--50)"><!-- wp:group {"style":{"spacing":{"blockGap":"0px"}},"layout":{"type":"flex","orientation":"vertical","justifyContent":"center"}} -->
<div class="wp-block-group"><!-- wp:heading {"textAlign":"center","className":"is-style-asterisk"} -->
<h2 class="wp-block-heading has-text-align-center is-style-asterisk">A passion for creating spaces</h2>
<!-- /wp:heading -->

<!-- wp:spacer {"height":"0px","style":{"layout":{"flexSize":"1.25rem","selfStretch":"fixed"}}} -->
<div style="height:0px" aria-hidden="true" class="wp-block-spacer"></div>
<!-- /wp:spacer -->

<!-- wp:paragraph {"align":"center"} -->
<p class="has-text-align-center">Our comprehensive suite of professional services caters to a diverse clientele, ranging from homeowners to commercial developers.</p>
<!-- /wp:paragraph --></div>
<!-- /wp:group -->

<!-- wp:spacer {"height":"var:preset|spacing|40","style":{"spacing":{"margin":{"top":"0","bottom":"0"}}}} -->
<div style="margin-top:0;margin-bottom:0;height:var(--wp--preset--spacing--40)" aria-hidden="true" class="wp-block-spacer"></div>
<!-- /wp:spacer -->

<!-- wp:columns {"align":"wide","style":{"spacing":{"blockGap":{"top":"var:preset|spacing|30","left":"var:preset|spacing|40"}}}} -->
<div class="wp-block-columns alignwide"><!-- wp:column {"style":{"spacing":{"blockGap":"var:preset|spacing|10"}}} -->
<div class="wp-block-column"><!-- wp:heading {"textAlign":"left","level":3,"className":"is-style-asterisk","style":{"typography":{"fontStyle":"normal","fontWeight":"600"}},"fontSize":"medium","fontFamily":"body"} -->
<h3 class="wp-block-heading has-text-align-left is-style-asterisk has-body-font-family has-medium-font-size" style="font-style:normal;font-weight:600">Renovation and restoration</h3>
<!-- /wp:heading -->

<!-- wp:paragraph {"align":"left"} -->
<p class="has-text-align-left">Experience the fusion of imagination and expertise with Études Architectural Solutions.</p>
<!-- /wp:paragraph --></div>
<!-- /wp:column -->

<!-- wp:column {"style":{"spacing":{"blockGap":"var:preset|spacing|10"}}} -->
<div class="wp-block-column"><!-- wp:heading {"textAlign":"left","level":3,"className":"is-style-asterisk","style":{"typography":{"fontStyle":"normal","fontWeight":"600"}},"fontSize":"medium","fontFamily":"body"} -->
<h3 class="wp-block-heading has-text-align-left is-style-asterisk has-body-font-family has-medium-font-size" style="font-style:normal;font-weight:600">Continuous Support</h3>
<!-- /wp:heading -->

<!-- wp:paragraph {"align":"left"} -->
<p class="has-text-align-left">Experience the fusion of imagination and expertise with Études Architectural Solutions.</p>
<!-- /wp:paragraph --></div>
<!-- /wp:column -->

<!-- wp:column {"style":{"spacing":{"blockGap":"var:preset|spacing|10"}}} -->
<div class="wp-block-column"><!-- wp:heading {"textAlign":"left","level":3,"className":"is-style-asterisk","style":{"typography":{"fontStyle":"normal","fontWeight":"600"}},"fontSize":"medium","fontFamily":"body"} -->
<h3 class="wp-block-heading has-text-align-left is-style-asterisk has-body-font-family has-medium-font-size" style="font-style:normal;font-weight:600">App Access</h3>
<!-- /wp:heading -->

<!-- wp:paragraph {"align":"left"} -->
<p class="has-text-align-left">Experience the fusion of imagination and expertise with Études Architectural Solutions.</p>
<!-- /wp:paragraph --></div>
<!-- /wp:column --></div>
<!-- /wp:columns -->

<!-- wp:spacer {"height":"var:preset|spacing|20"} -->
<div style="height:var(--wp--preset--spacing--20)" aria-hidden="true" class="wp-block-spacer"></div>
<!-- /wp:spacer -->

<!-- wp:columns {"align":"wide","style":{"spacing":{"blockGap":{"top":"var:preset|spacing|30","left":"var:preset|spacing|40"}}}} -->
<div class="wp-block-columns alignwide"><!-- wp:column {"style":{"spacing":{"blockGap":"var:preset|spacing|10"}}} -->
<div class="wp-block-column"><!-- wp:heading {"textAlign":"left","level":3,"className":"is-style-asterisk","style":{"typography":{"fontStyle":"normal","fontWeight":"600"}},"fontSize":"medium","fontFamily":"body"} -->
<h3 class="wp-block-heading has-text-align-left is-style-asterisk has-body-font-family has-medium-font-size" style="font-style:normal;font-weight:600">Consulting</h3>
<!-- /wp:heading -->

<!-- wp:paragraph {"align":"left"} -->
<p class="has-text-align-left">Experience the fusion of imagination and expertise with Études Architectural Solutions.</p>
<!-- /wp:paragraph --></div>
<!-- /wp:column -->

<!-- wp:column {"style":{"spacing":{"blockGap":"var:preset|spacing|10"}}} -->
<div class="wp-block-column"><!-- wp:heading {"textAlign":"left","level":3,"className":"is-style-asterisk","style":{"typography":{"fontStyle":"normal","fontWeight":"600"}},"fontSize":"medium","fontFamily":"body"} -->
<h3 class="wp-block-heading has-text-align-left is-style-asterisk has-body-font-family has-medium-font-size" style="font-style:normal;font-weight:600">Project Management</h3>
<!-- /wp:heading -->

<!-- wp:paragraph {"align":"left"} -->
<p class="has-text-align-left">Experience the fusion of imagination and expertise with Études Architectural Solutions.</p>
<!-- /wp:paragraph --></div>
<!-- /wp:column -->

<!-- wp:column {"style":{"spacing":{"blockGap":"var:preset|spacing|10"}}} -->
<div class="wp-block-column"><!-- wp:heading {"textAlign":"left","level":3,"className":"is-style-asterisk","style":{"typography":{"fontStyle":"normal","fontWeight":"600"}},"fontSize":"medium","fontFamily":"body"} -->
<h3 class="wp-block-heading has-text-align-left is-style-asterisk has-body-font-family has-medium-font-size" style="font-style:normal;font-weight:600">Architectural Solutions</h3>
<!-- /wp:heading -->

<!-- wp:paragraph {"align":"left"} -->
<p class="has-text-align-left">Experience the fusion of imagination and expertise with Études Architectural Solutions.</p>
<!-- /wp:paragraph --></div>
<!-- /wp:column --></div>
<!-- /wp:columns --></div>
<!-- /wp:group -->

<!-- wp:group {"align":"full","style":{"spacing":{"padding":{"top":"var:preset|spacing|50","bottom":"var:preset|spacing|50","left":"var:preset|spacing|50","right":"var:preset|spacing|50"},"margin":{"top":"0","bottom":"0"}}},"layout":{"type":"constrained"}} -->
<div class="wp-block-group alignfull" style="margin-top:0;margin-bottom:0;padding-top:var(--wp--preset--spacing--50);padding-right:var(--wp--preset--spacing--50);padding-bottom:var(--wp--preset--spacing--50);padding-left:var(--wp--preset--spacing--50)"><!-- wp:group {"align":"wide","style":{"spacing":{"blockGap":"0"}},"layout":{"type":"constrained"}} -->
<div class="wp-block-group alignwide"><!-- wp:group {"style":{"spacing":{"blockGap":"var:preset|spacing|10"}},"layout":{"type":"flex","orientation":"vertical","justifyContent":"center"}} -->
<div class="wp-block-group"><!-- wp:heading {"textAlign":"center","className":"is-style-asterisk"} -->
<h2 class="wp-block-heading has-text-align-center is-style-asterisk">An array of resources</h2>
<!-- /wp:heading -->

<!-- wp:paragraph {"align":"center","style":{"layout":{"selfStretch":"fit","flexSize":null}}} -->
<p class="has-text-align-center">Our comprehensive suite of professional services caters to a diverse clientele, ranging from homeowners to commercial developers.</p>
<!-- /wp:paragraph --></div>
<!-- /wp:group -->

<!-- wp:spacer {"height":"var:preset|spacing|40"} -->
<div style="height:var(--wp--preset--spacing--40)" aria-hidden="true" class="wp-block-spacer"></div>
<!-- /wp:spacer -->

<!-- wp:columns {"align":"wide","style":{"spacing":{"blockGap":{"top":"var:preset|spacing|50","left":"var:preset|spacing|60"}}}} -->
<div class="wp-block-columns alignwide"><!-- wp:column {"verticalAlignment":"center","width":"40%"} -->
<div class="wp-block-column is-vertically-aligned-center" style="flex-basis:40%"><!-- wp:heading {"level":3,"className":"is-style-asterisk"} -->
<h3 class="wp-block-heading is-style-asterisk">Études Architect App</h3>
<!-- /wp:heading -->

<!-- wp:list {"className":"is-style-checkmark-list","style":{"typography":{"lineHeight":"1.75"}}} -->
<ul style="line-height:1.75" class="wp-block-list is-style-checkmark-list"><!-- wp:list-item -->
<li>Collaborate with fellow architects.</li>
<!-- /wp:list-item -->

<!-- wp:list-item -->
<li>Showcase your projects.</li>
<!-- /wp:list-item -->

<!-- wp:list-item -->
<li>Experience the world of architecture.</li>
<!-- /wp:list-item --></ul>
<!-- /wp:list --></div>
<!-- /wp:column -->

<!-- wp:column {"width":"50%"} -->
<div class="wp-block-column" style="flex-basis:50%"><!-- wp:image {"sizeSlug":"large","linkDestination":"none","className":"is-style-rounded"} -->
<figure class="wp-block-image size-large is-style-rounded"><img src="/wp-content/themes/twentytwentyfour/assets/images/tourist-and-building.webp" alt="Tourist taking photo of a building"/></figure>
<!-- /wp:image --></div>
<!-- /wp:column --></div>
<!-- /wp:columns -->

<!-- wp:spacer {"height":"var:preset|spacing|40"} -->
<div style="height:var(--wp--preset--spacing--40)" aria-hidden="true" class="wp-block-spacer"></div>
<!-- /wp:spacer -->

<!-- wp:columns {"align":"wide","style":{"spacing":{"blockGap":{"top":"var:preset|spacing|50","left":"var:preset|spacing|60"}}}} -->
<div class="wp-block-columns alignwide"><!-- wp:column {"width":"50%"} -->
<div class="wp-block-column" style="flex-basis:50%"><!-- wp:image {"sizeSlug":"large","linkDestination":"none","className":"is-style-rounded"} -->
<figure class="wp-block-image size-large is-style-rounded"><img src="/wp-content/themes/twentytwentyfour/assets/images/windows.webp" alt="Windows of a building in Nuremberg, Germany"/></figure>
<!-- /wp:image --></div>
<!-- /wp:column -->

<!-- wp:column {"verticalAlignment":"center","width":"40%"} -->
<div class="wp-block-column is-vertically-aligned-center" style="flex-basis:40%"><!-- wp:heading {"level":3,"className":"is-style-asterisk"} -->
<h3 class="wp-block-heading is-style-asterisk">Études Newsletter</h3>
<!-- /wp:heading -->

<!-- wp:list {"className":"is-style-checkmark-list","style":{"typography":{"lineHeight":"1.75"}}} -->
<ul style="line-height:1.75" class="wp-block-list is-style-checkmark-list"><!-- wp:list-item -->
<li>A world of thought-provoking articles.</li>
<!-- /wp:list-item -->

<!-- wp:list-item -->
<li>Case studies that celebrate architecture.</li>
<!-- /wp:list-item -->

<!-- wp:list-item -->
<li>Exclusive access to design insights.</li>
<!-- /wp:list-item --></ul>
<!-- /wp:list --></div>
<!-- /wp:column --></div>
<!-- /wp:columns --></div>
<!-- /wp:group --></div>
<!-- /wp:group -->

<!-- wp:group {"metadata":{"name":"Testimonial"},"align":"full","style":{"spacing":{"padding":{"top":"var:preset|spacing|60","bottom":"var:preset|spacing|60","left":"var:preset|spacing|60","right":"var:preset|spacing|60"},"margin":{"top":"0","bottom":"0"}}},"backgroundColor":"contrast","textColor":"base","layout":{"type":"constrained","contentSize":""}} -->
<div class="wp-block-group alignfull has-base-color has-contrast-background-color has-text-color has-background" style="margin-top:0;margin-bottom:0;padding-top:var(--wp--preset--spacing--60);padding-right:var(--wp--preset--spacing--60);padding-bottom:var(--wp--preset--spacing--60);padding-left:var(--wp--preset--spacing--60)"><!-- wp:group {"layout":{"type":"constrained"}} -->
<div class="wp-block-group"><!-- wp:paragraph {"align":"center","style":{"typography":{"lineHeight":"1.2"}},"textColor":"base","fontSize":"x-large","fontFamily":"heading"} -->
<p class="has-text-align-center has-base-color has-text-color has-heading-font-family has-x-large-font-size" style="line-height:1.2">
<em>“Études has saved us thousands of hours of work and has unlocked insights we never thought possible.”</em>
</p>
<!-- /wp:paragraph -->

<!-- wp:spacer {"height":"var:preset|spacing|10"} -->
<div style="height:var(--wp--preset--spacing--10)" aria-hidden="true" class="wp-block-spacer"></div>
<!-- /wp:spacer -->

<!-- wp:group {"metadata":{"name":"Testimonial source"},"style":{"spacing":{"blockGap":"0"}},"layout":{"type":"flex","orientation":"vertical","justifyContent":"center","flexWrap":"nowrap"}} -->
<div class="wp-block-group"><!-- wp:image {"width":"60px","aspectRatio":"1","scale":"cover","sizeSlug":"thumbnail","linkDestination":"none","align":"center","style":{"border":{"radius":"100px"}}} -->
<figure class="wp-block-image aligncenter size-thumbnail is-resized has-custom-border"><img alt="" style="border-radius:100px;aspect-ratio:1;object-fit:cover;width:60px"/></figure>
<!-- /wp:image -->

<!-- wp:paragraph {"align":"center","style":{"spacing":{"margin":{"top":"var:preset|spacing|10","bottom":"0"}}}} -->
<p class="has-text-align-center" style="margin-top:var(--wp--preset--spacing--10);margin-bottom:0">Annie Steiner</p>
<!-- /wp:paragraph -->

<!-- wp:paragraph {"align":"center","style":{"typography":{"fontStyle":"normal","fontWeight":"300"}},"textColor":"contrast-3","fontSize":"small"} -->
<p class="has-text-align-center has-contrast-3-color has-text-color has-small-font-size" style="font-style:normal;font-weight:300">CEO, Greenprint</p>
<!-- /wp:paragraph --></div>
<!-- /wp:group --></div>
<!-- /wp:group --></div>
<!-- /wp:group -->

<!-- wp:group {"align":"full","style":{"spacing":{"padding":{"top":"var:preset|spacing|50","bottom":"var:preset|spacing|50","left":"var:preset|spacing|50","right":"var:preset|spacing|50"},"margin":{"top":"0","bottom":"0"}}},"layout":{"type":"constrained"}} -->
<div class="wp-block-group alignfull" style="margin-top:0;margin-bottom:0;padding-top:var(--wp--preset--spacing--50);padding-right:var(--wp--preset--spacing--50);padding-bottom:var(--wp--preset--spacing--50);padding-left:var(--wp--preset--spacing--50)"><!-- wp:heading {"align":"wide","style":{"typography":{"lineHeight":"1"},"spacing":{"margin":{"top":"0","bottom":"var:preset|spacing|40"}}},"fontSize":"x-large"} -->
<h2 class="wp-block-heading alignwide has-x-large-font-size" style="margin-top:0;margin-bottom:var(--wp--preset--spacing--40);line-height:1">Watch, Read, Listen</h2>
<!-- /wp:heading -->

<!-- wp:group {"align":"wide","layout":{"type":"constrained"}} -->
<div class="wp-block-group alignwide"><!-- wp:query {"queryId":1,"query":{"perPage":10,"pages":0,"offset":0,"postType":"post","order":"desc","orderBy":"date","author":"","search":"","exclude":[],"sticky":"","inherit":true},"align":"wide","layout":{"type":"default"}} -->
<div class="wp-block-query alignwide"><!-- wp:post-template -->
<!-- wp:separator {"className":"alignwide is-style-wide","backgroundColor":"contrast-3"} -->
<hr class="wp-block-separator has-text-color has-contrast-3-color has-alpha-channel-opacity has-contrast-3-background-color has-background alignwide is-style-wide"/>
<!-- /wp:separator -->

<!-- wp:columns {"verticalAlignment":"center","align":"wide","style":{"spacing":{"margin":{"top":"var:preset|spacing|20","bottom":"var:preset|spacing|20"}}}} -->
<div class="wp-block-columns alignwide are-vertically-aligned-center" style="margin-top:var(--wp--preset--spacing--20);margin-bottom:var(--wp--preset--spacing--20)"><!-- wp:column {"verticalAlignment":"center","width":"72%"} -->
<div class="wp-block-column is-vertically-aligned-center" style="flex-basis:72%"><!-- wp:post-title {"isLink":true,"style":{"typography":{"lineHeight":"1.1","fontSize":"1.5rem"}}} /--></div>
<!-- /wp:column -->

<!-- wp:column {"verticalAlignment":"center","width":"28%"} -->
<div class="wp-block-column is-vertically-aligned-center" style="flex-basis:28%"><!-- wp:template-part {"slug":"post-meta","theme":"twentytwentyfour"} /--></div>
<!-- /wp:column --></div>
<!-- /wp:columns -->
<!-- /wp:post-template -->

<!-- wp:spacer {"height":"var:preset|spacing|30"} -->
<div style="height:var(--wp--preset--spacing--30)" aria-hidden="true" class="wp-block-spacer"></div>
<!-- /wp:spacer -->

<!-- wp:query-pagination {"paginationArrow":"arrow","layout":{"type":"flex","justifyContent":"space-between"}} -->
<!-- wp:query-pagination-previous /-->

<!-- wp:query-pagination-numbers /-->

<!-- wp:query-pagination-next /-->
<!-- /wp:query-pagination -->

<!-- wp:query-no-results -->
<!-- wp:paragraph -->
<p>No posts were found.</p>
<!-- /wp:paragraph -->
<!-- /wp:query-no-results --></div>
<!-- /wp:query --></div>
<!-- /wp:group --></div>
<!-- /wp:group -->

<!-- wp:group {"align":"full","style":{"spacing":{"padding":{"top":"var:preset|spacing|50","bottom":"var:preset|spacing|50","left":"var:preset|spacing|50","right":"var:preset|spacing|50"},"margin":{"top":"0","bottom":"0"}}},"layout":{"type":"constrained"}} -->
<div class="wp-block-group alignfull" style="margin-top:0;margin-bottom:0;padding-top:var(--wp--preset--spacing--50);padding-right:var(--wp--preset--spacing--50);padding-bottom:var(--wp--preset--spacing--50);padding-left:var(--wp--preset--spacing--50)"><!-- wp:group {"align":"wide","style":{"border":{"radius":"16px"},"spacing":{"padding":{"top":"var:preset|spacing|40","bottom":"var:preset|spacing|40","left":"var:preset|spacing|50","right":"var:preset|spacing|50"}}},"backgroundColor":"base-2","layout":{"type":"constrained"}} -->
<div class="wp-block-group alignwide has-base-2-background-color has-background" style="border-radius:16px;padding-top:var(--wp--preset--spacing--40);padding-right:var(--wp--preset--spacing--50);padding-bottom:var(--wp--preset--spacing--40);padding-left:var(--wp--preset--spacing--50)"><!-- wp:spacer {"height":"var:preset|spacing|10"} -->
<div style="height:var(--wp--preset--spacing--10)" aria-hidden="true" class="wp-block-spacer"></div>
<!-- /wp:spacer -->

<!-- wp:heading {"textAlign":"center","fontSize":"x-large"} -->
<h2 class="wp-block-heading has-text-align-center has-x-large-font-size">Join 900+ subscribers</h2>
<!-- /wp:heading -->

<!-- wp:paragraph {"align":"center"} -->
<p class="has-text-align-center">Stay in the loop with everything you need to know.</p>
<!-- /wp:paragraph -->

<!-- wp:buttons {"layout":{"type":"flex","justifyContent":"center"}} -->
<div class="wp-block-buttons"><!-- wp:button -->
<div class="wp-block-button"><a class="wp-block-button__link wp-element-button">Sign up</a></div>
<!-- /wp:button --></div>
<!-- /wp:buttons -->

<!-- wp:spacer {"height":"var:preset|spacing|10"} -->
<div style="height:var(--wp--preset--spacing--10)" aria-hidden="true" class="wp-block-spacer"></div>
<!-- /wp:spacer --></div>
<!-- /wp:group --></div>
<!-- /wp:group --></main>
<!-- /wp:group -->

<!-- wp:template-part {"slug":"footer","theme":"twentytwentyfour","tagName":"footer","area":"footer"} /-->]]></content:encoded>
			<excerpt:encoded><![CDATA[Displays the latest posts as either the site homepage or as the "Posts page" as defined under reading settings. If it exists, the Front Page template overrides this template when posts are shown on the homepage.]]></excerpt:encoded>
			<wp:post_id>27</wp:post_id>
			<wp:post_date><![CDATA[2024-10-03 10:21:33]]></wp:post_date>
			<wp:post_date_gmt><![CDATA[2024-10-03 10:21:33]]></wp:post_date_gmt>
			<wp:post_modified><![CDATA[2024-10-03 11:16:00]]></wp:post_modified>
			<wp:post_modified_gmt><![CDATA[2024-10-03 11:16:00]]></wp:post_modified_gmt>
			<wp:comment_status><![CDATA[closed]]></wp:comment_status>
			<wp:ping_status><![CDATA[closed]]></wp:ping_status>
			<wp:post_name><![CDATA[home]]></wp:post_name>
			<wp:status><![CDATA[publish]]></wp:status>
			<wp:post_parent>0</wp:post_parent>
			<wp:menu_order>0</wp:menu_order>
			<wp:post_type><![CDATA[wp_template]]></wp:post_type>
			<wp:post_password><![CDATA[]]></wp:post_password>
			<wp:is_sticky>0</wp:is_sticky>
			<category domain="wp_theme" nicename="twentytwentyfour"><![CDATA[twentytwentyfour]]></category>
			<wp:postmeta>
				<wp:meta_key><![CDATA[origin]]></wp:meta_key>
				<wp:meta_value><![CDATA[theme]]></wp:meta_value>
			</wp:postmeta>
		</item>
		<item>
			<title><![CDATA[paul]]></title>
			<link>//paul-mccartney/paul/</link>
			<pubDate>Thu, 03 Oct 2024 10:35:08 +0000</pubDate>
			<dc:creator><![CDATA[admin]]></dc:creator>
			<guid isPermaLink="false">/wp-content/uploads/2024/10/paul.webp</guid>
			<description></description>
			<content:encoded><![CDATA[]]></content:encoded>
			<excerpt:encoded><![CDATA[]]></excerpt:encoded>
			<wp:post_id>30</wp:post_id>
			<wp:post_date><![CDATA[2024-10-03 10:35:08]]></wp:post_date>
			<wp:post_date_gmt><![CDATA[2024-10-03 10:35:08]]></wp:post_date_gmt>
			<wp:post_modified><![CDATA[2024-10-03 10:35:08]]></wp:post_modified>
			<wp:post_modified_gmt><![CDATA[2024-10-03 10:35:08]]></wp:post_modified_gmt>
			<wp:comment_status><![CDATA[open]]></wp:comment_status>
			<wp:ping_status><![CDATA[closed]]></wp:ping_status>
			<wp:post_name><![CDATA[paul]]></wp:post_name>
			<wp:status><![CDATA[inherit]]></wp:status>
			<wp:post_parent>4</wp:post_parent>
			<wp:menu_order>0</wp:menu_order>
			<wp:post_type><![CDATA[attachment]]></wp:post_type>
			<wp:post_password><![CDATA[]]></wp:post_password>
			<wp:is_sticky>0</wp:is_sticky>
			<wp:attachment_url><![CDATA[/wp-content/uploads/2024/10/paul.webp]]></wp:attachment_url>
			<wp:postmeta>
				<wp:meta_key><![CDATA[_wp_attached_file]]></wp:meta_key>
				<wp:meta_value><![CDATA[2024/10/paul.webp]]></wp:meta_value>
			</wp:postmeta>
			<wp:postmeta>
				<wp:meta_key><![CDATA[_wp_attachment_metadata]]></wp:meta_key>
				<wp:meta_value><![CDATA[a:6:{s:5:"width";i:750;s:6:"height";i:1095;s:4:"file";s:17:"2024/10/paul.webp";s:8:"filesize";i:119932;s:5:"sizes";a:3:{s:6:"medium";a:5:{s:4:"file";s:17:"paul-205x300.webp";s:5:"width";i:205;s:6:"height";i:300;s:9:"mime-type";s:10:"image/webp";s:8:"filesize";i:9682;}s:5:"large";a:5:{s:4:"file";s:18:"paul-701x1024.webp";s:5:"width";i:701;s:6:"height";i:1024;s:9:"mime-type";s:10:"image/webp";s:8:"filesize";i:46452;}s:9:"thumbnail";a:5:{s:4:"file";s:17:"paul-150x150.webp";s:5:"width";i:150;s:6:"height";i:150;s:9:"mime-type";s:10:"image/webp";s:8:"filesize";i:5274;}}s:10:"image_meta";a:12:{s:8:"aperture";s:1:"0";s:6:"credit";s:0:"";s:6:"camera";s:0:"";s:7:"caption";s:0:"";s:17:"created_timestamp";s:1:"0";s:9:"copyright";s:0:"";s:12:"focal_length";s:1:"0";s:3:"iso";s:1:"0";s:13:"shutter_speed";s:1:"0";s:5:"title";s:0:"";s:11:"orientation";s:1:"0";s:8:"keywords";a:0:{}}}]]></wp:meta_value>
			</wp:postmeta>
		</item>
		<item>
			<title><![CDATA[john-lennon-2-d956917ebc604faeae6345dfc74cfb00]]></title>
			<link>//john-lennon/john-lennon-2-d956917ebc604faeae6345dfc74cfb00/</link>
			<pubDate>Thu, 03 Oct 2024 11:08:31 +0000</pubDate>
			<dc:creator><![CDATA[admin]]></dc:creator>
			<guid isPermaLink="false">/wp-content/uploads/2024/10/john-lennon-2-d956917ebc604faeae6345dfc74cfb00.webp</guid>
			<description></description>
			<content:encoded><![CDATA[]]></content:encoded>
			<excerpt:encoded><![CDATA[]]></excerpt:encoded>
			<wp:post_id>42</wp:post_id>
			<wp:post_date><![CDATA[2024-10-03 11:08:31]]></wp:post_date>
			<wp:post_date_gmt><![CDATA[2024-10-03 11:08:31]]></wp:post_date_gmt>
			<wp:post_modified><![CDATA[2024-10-03 11:08:31]]></wp:post_modified>
			<wp:post_modified_gmt><![CDATA[2024-10-03 11:08:31]]></wp:post_modified_gmt>
			<wp:comment_status><![CDATA[open]]></wp:comment_status>
			<wp:ping_status><![CDATA[closed]]></wp:ping_status>
			<wp:post_name><![CDATA[john-lennon-2-d956917ebc604faeae6345dfc74cfb00]]></wp:post_name>
			<wp:status><![CDATA[inherit]]></wp:status>
			<wp:post_parent>5</wp:post_parent>
			<wp:menu_order>0</wp:menu_order>
			<wp:post_type><![CDATA[attachment]]></wp:post_type>
			<wp:post_password><![CDATA[]]></wp:post_password>
			<wp:is_sticky>0</wp:is_sticky>
			<wp:attachment_url><![CDATA[/wp-content/uploads/2024/10/john-lennon-2-d956917ebc604faeae6345dfc74cfb00.webp]]></wp:attachment_url>
			<wp:postmeta>
				<wp:meta_key><![CDATA[_wp_attached_file]]></wp:meta_key>
				<wp:meta_value><![CDATA[2024/10/john-lennon-2-d956917ebc604faeae6345dfc74cfb00.webp]]></wp:meta_value>
			</wp:postmeta>
			<wp:postmeta>
				<wp:meta_key><![CDATA[_wp_attachment_metadata]]></wp:meta_key>
				<wp:meta_value><![CDATA[a:6:{s:5:"width";i:860;s:6:"height";i:1147;s:4:"file";s:59:"2024/10/john-lennon-2-d956917ebc604faeae6345dfc74cfb00.webp";s:8:"filesize";i:143298;s:5:"sizes";a:4:{s:6:"medium";a:5:{s:4:"file";s:59:"john-lennon-2-d956917ebc604faeae6345dfc74cfb00-225x300.webp";s:5:"width";i:225;s:6:"height";i:300;s:9:"mime-type";s:10:"image/webp";s:8:"filesize";i:13278;}s:5:"large";a:5:{s:4:"file";s:60:"john-lennon-2-d956917ebc604faeae6345dfc74cfb00-768x1024.webp";s:5:"width";i:768;s:6:"height";i:1024;s:9:"mime-type";s:10:"image/webp";s:8:"filesize";i:117652;}s:9:"thumbnail";a:5:{s:4:"file";s:59:"john-lennon-2-d956917ebc604faeae6345dfc74cfb00-150x150.webp";s:5:"width";i:150;s:6:"height";i:150;s:9:"mime-type";s:10:"image/webp";s:8:"filesize";i:5254;}s:12:"medium_large";a:5:{s:4:"file";s:60:"john-lennon-2-d956917ebc604faeae6345dfc74cfb00-768x1024.webp";s:5:"width";i:768;s:6:"height";i:1024;s:9:"mime-type";s:10:"image/webp";s:8:"filesize";i:117652;}}s:10:"image_meta";a:12:{s:8:"aperture";s:1:"0";s:6:"credit";s:0:"";s:6:"camera";s:0:"";s:7:"caption";s:0:"";s:17:"created_timestamp";s:1:"0";s:9:"copyright";s:0:"";s:12:"focal_length";s:1:"0";s:3:"iso";s:1:"0";s:13:"shutter_speed";s:1:"0";s:5:"title";s:0:"";s:11:"orientation";s:1:"0";s:8:"keywords";a:0:{}}}]]></wp:meta_value>
			</wp:postmeta>
		</item>
		<item>
			<title><![CDATA[512px-George_Harrison_1974]]></title>
			<link>//george-harrison/512px-george_harrison_1974/</link>
			<pubDate>Thu, 03 Oct 2024 11:36:26 +0000</pubDate>
			<dc:creator><![CDATA[admin]]></dc:creator>
			<guid isPermaLink="false">/wp-content/uploads/2024/10/512px-George_Harrison_1974.webp</guid>
			<description></description>
			<content:encoded><![CDATA[]]></content:encoded>
			<excerpt:encoded><![CDATA[]]></excerpt:encoded>
			<wp:post_id>53</wp:post_id>
			<wp:post_date><![CDATA[2024-10-03 11:36:26]]></wp:post_date>
			<wp:post_date_gmt><![CDATA[2024-10-03 11:36:26]]></wp:post_date_gmt>
			<wp:post_modified><![CDATA[2024-10-03 11:36:26]]></wp:post_modified>
			<wp:post_modified_gmt><![CDATA[2024-10-03 11:36:26]]></wp:post_modified_gmt>
			<wp:comment_status><![CDATA[open]]></wp:comment_status>
			<wp:ping_status><![CDATA[closed]]></wp:ping_status>
			<wp:post_name><![CDATA[512px-george_harrison_1974]]></wp:post_name>
			<wp:status><![CDATA[inherit]]></wp:status>
			<wp:post_parent>6</wp:post_parent>
			<wp:menu_order>0</wp:menu_order>
			<wp:post_type><![CDATA[attachment]]></wp:post_type>
			<wp:post_password><![CDATA[]]></wp:post_password>
			<wp:is_sticky>0</wp:is_sticky>
			<wp:attachment_url><![CDATA[/wp-content/uploads/2024/10/512px-George_Harrison_1974.webp]]></wp:attachment_url>
			<wp:postmeta>
				<wp:meta_key><![CDATA[_wp_attached_file]]></wp:meta_key>
				<wp:meta_value><![CDATA[2024/10/512px-George_Harrison_1974.webp]]></wp:meta_value>
			</wp:postmeta>
			<wp:postmeta>
				<wp:meta_key><![CDATA[_wp_attachment_metadata]]></wp:meta_key>
				<wp:meta_value><![CDATA[a:6:{s:5:"width";i:512;s:6:"height";i:667;s:4:"file";s:39:"2024/10/512px-George_Harrison_1974.webp";s:8:"filesize";i:92510;s:5:"sizes";a:2:{s:6:"medium";a:5:{s:4:"file";s:39:"512px-George_Harrison_1974-230x300.webp";s:5:"width";i:230;s:6:"height";i:300;s:9:"mime-type";s:10:"image/webp";s:8:"filesize";i:15766;}s:9:"thumbnail";a:5:{s:4:"file";s:39:"512px-George_Harrison_1974-150x150.webp";s:5:"width";i:150;s:6:"height";i:150;s:9:"mime-type";s:10:"image/webp";s:8:"filesize";i:5318;}}s:10:"image_meta";a:12:{s:8:"aperture";s:1:"0";s:6:"credit";s:0:"";s:6:"camera";s:0:"";s:7:"caption";s:0:"";s:17:"created_timestamp";s:1:"0";s:9:"copyright";s:0:"";s:12:"focal_length";s:1:"0";s:3:"iso";s:1:"0";s:13:"shutter_speed";s:1:"0";s:5:"title";s:0:"";s:11:"orientation";s:1:"0";s:8:"keywords";a:0:{}}}]]></wp:meta_value>
			</wp:postmeta>
		</item>
		<item>
			<title><![CDATA[ringo-starr-formerly-of-the-beatles-london-october-1973]]></title>
			<link>//ringo-starr/ringo-starr-formerly-of-the-beatles-london-october-1973/</link>
			<pubDate>Thu, 03 Oct 2024 11:43:19 +0000</pubDate>
			<dc:creator><![CDATA[admin]]></dc:creator>
			<guid isPermaLink="false">/wp-content/uploads/2024/10/ringo-starr-formerly-of-the-beatles-london-october-1973.webp</guid>
			<description></description>
			<content:encoded><![CDATA[]]></content:encoded>
			<excerpt:encoded><![CDATA[]]></excerpt:encoded>
			<wp:post_id>59</wp:post_id>
			<wp:post_date><![CDATA[2024-10-03 11:43:19]]></wp:post_date>
			<wp:post_date_gmt><![CDATA[2024-10-03 11:43:19]]></wp:post_date_gmt>
			<wp:post_modified><![CDATA[2024-10-03 11:43:19]]></wp:post_modified>
			<wp:post_modified_gmt><![CDATA[2024-10-03 11:43:19]]></wp:post_modified_gmt>
			<wp:comment_status><![CDATA[open]]></wp:comment_status>
			<wp:ping_status><![CDATA[closed]]></wp:ping_status>
			<wp:post_name><![CDATA[ringo-starr-formerly-of-the-beatles-london-october-1973]]></wp:post_name>
			<wp:status><![CDATA[inherit]]></wp:status>
			<wp:post_parent>1</wp:post_parent>
			<wp:menu_order>0</wp:menu_order>
			<wp:post_type><![CDATA[attachment]]></wp:post_type>
			<wp:post_password><![CDATA[]]></wp:post_password>
			<wp:is_sticky>0</wp:is_sticky>
			<wp:attachment_url><![CDATA[/wp-content/uploads/2024/10/ringo-starr-formerly-of-the-beatles-london-october-1973.webp]]></wp:attachment_url>
			<wp:postmeta>
				<wp:meta_key><![CDATA[_wp_attached_file]]></wp:meta_key>
				<wp:meta_value><![CDATA[2024/10/ringo-starr-formerly-of-the-beatles-london-october-1973.webp]]></wp:meta_value>
			</wp:postmeta>
			<wp:postmeta>
				<wp:meta_key><![CDATA[_wp_attachment_metadata]]></wp:meta_key>
				<wp:meta_value><![CDATA[a:6:{s:5:"width";i:612;s:6:"height";i:414;s:4:"file";s:68:"2024/10/ringo-starr-formerly-of-the-beatles-london-october-1973.webp";s:8:"filesize";i:23404;s:5:"sizes";a:2:{s:6:"medium";a:5:{s:4:"file";s:68:"ringo-starr-formerly-of-the-beatles-london-october-1973-300x203.webp";s:5:"width";i:300;s:6:"height";i:203;s:9:"mime-type";s:10:"image/webp";s:8:"filesize";i:9804;}s:9:"thumbnail";a:5:{s:4:"file";s:68:"ringo-starr-formerly-of-the-beatles-london-october-1973-150x150.webp";s:5:"width";i:150;s:6:"height";i:150;s:9:"mime-type";s:10:"image/webp";s:8:"filesize";i:5554;}}s:10:"image_meta";a:12:{s:8:"aperture";s:1:"0";s:6:"credit";s:0:"";s:6:"camera";s:0:"";s:7:"caption";s:0:"";s:17:"created_timestamp";s:1:"0";s:9:"copyright";s:0:"";s:12:"focal_length";s:1:"0";s:3:"iso";s:1:"0";s:13:"shutter_speed";s:1:"0";s:5:"title";s:0:"";s:11:"orientation";s:1:"0";s:8:"keywords";a:0:{}}}]]></wp:meta_value>
			</wp:postmeta>
		</item>
		<item>
			<title><![CDATA[musician-ringo-starr-of-the-beatles-playing-the-drums-in-1963]]></title>
			<link>//ringo-starr/musician-ringo-starr-of-the-beatles-playing-the-drums-in-1963/</link>
			<pubDate>Thu, 03 Oct 2024 11:44:34 +0000</pubDate>
			<dc:creator><![CDATA[admin]]></dc:creator>
			<guid isPermaLink="false">/wp-content/uploads/2024/10/musician-ringo-starr-of-the-beatles-playing-the-drums-in-1963.webp</guid>
			<description></description>
			<content:encoded><![CDATA[]]></content:encoded>
			<excerpt:encoded><![CDATA[]]></excerpt:encoded>
			<wp:post_id>62</wp:post_id>
			<wp:post_date><![CDATA[2024-10-03 11:44:34]]></wp:post_date>
			<wp:post_date_gmt><![CDATA[2024-10-03 11:44:34]]></wp:post_date_gmt>
			<wp:post_modified><![CDATA[2024-10-03 11:44:34]]></wp:post_modified>
			<wp:post_modified_gmt><![CDATA[2024-10-03 11:44:34]]></wp:post_modified_gmt>
			<wp:comment_status><![CDATA[open]]></wp:comment_status>
			<wp:ping_status><![CDATA[closed]]></wp:ping_status>
			<wp:post_name><![CDATA[musician-ringo-starr-of-the-beatles-playing-the-drums-in-1963]]></wp:post_name>
			<wp:status><![CDATA[inherit]]></wp:status>
			<wp:post_parent>1</wp:post_parent>
			<wp:menu_order>0</wp:menu_order>
			<wp:post_type><![CDATA[attachment]]></wp:post_type>
			<wp:post_password><![CDATA[]]></wp:post_password>
			<wp:is_sticky>0</wp:is_sticky>
			<wp:attachment_url><![CDATA[/wp-content/uploads/2024/10/musician-ringo-starr-of-the-beatles-playing-the-drums-in-1963.webp]]></wp:attachment_url>
			<wp:postmeta>
				<wp:meta_key><![CDATA[_wp_attached_file]]></wp:meta_key>
				<wp:meta_value><![CDATA[2024/10/musician-ringo-starr-of-the-beatles-playing-the-drums-in-1963.webp]]></wp:meta_value>
			</wp:postmeta>
			<wp:postmeta>
				<wp:meta_key><![CDATA[_wp_attachment_metadata]]></wp:meta_key>
				<wp:meta_value><![CDATA[a:6:{s:5:"width";i:488;s:6:"height";i:612;s:4:"file";s:74:"2024/10/musician-ringo-starr-of-the-beatles-playing-the-drums-in-1963.webp";s:8:"filesize";i:36660;s:5:"sizes";a:2:{s:6:"medium";a:5:{s:4:"file";s:74:"musician-ringo-starr-of-the-beatles-playing-the-drums-in-1963-239x300.webp";s:5:"width";i:239;s:6:"height";i:300;s:9:"mime-type";s:10:"image/webp";s:8:"filesize";i:10698;}s:9:"thumbnail";a:5:{s:4:"file";s:74:"musician-ringo-starr-of-the-beatles-playing-the-drums-in-1963-150x150.webp";s:5:"width";i:150;s:6:"height";i:150;s:9:"mime-type";s:10:"image/webp";s:8:"filesize";i:4446;}}s:10:"image_meta";a:12:{s:8:"aperture";s:1:"0";s:6:"credit";s:0:"";s:6:"camera";s:0:"";s:7:"caption";s:0:"";s:17:"created_timestamp";s:1:"0";s:9:"copyright";s:0:"";s:12:"focal_length";s:1:"0";s:3:"iso";s:1:"0";s:13:"shutter_speed";s:1:"0";s:5:"title";s:0:"";s:11:"orientation";s:1:"0";s:8:"keywords";a:0:{}}}]]></wp:meta_value>
			</wp:postmeta>
		</item>
	</channel>
</rss>
	