{
	"landingPage": "/wp-admin/post.php?post=10&action=edit",
	"steps": [
		{
			"step": "installPlugin",
			"pluginZipFile": {
				"resource": "url",
				"url": "https://raw.githubusercontent.com/WordPress/block-development-examples/deploy/zips/inner-blocks-dcd824.zip"
			}
		},
		{
			"step": "login",
			"username": "admin",
			"password": "password"
		},
		{
			"step": "resetData"
		},
		{
			"step": "importWxr",
			"file": {
				"resource": "url",
				"url": "https://raw.githubusercontent.com/WordPress/block-development-examples/trunk/plugins/inner-blocks-dcd824/_playground/export.xml"
			}
		}
	]
}