<?xml version="1.0" encoding="UTF-8" ?>
<!-- This is a WordPress eXtended RSS file generated by WordPress as an export of your site. -->
<!-- It contains information about your site's posts, pages, comments, categories, and other content. -->
<!-- You may use this file to transfer that content from one site to another. -->
<!-- This file is not intended to serve as a complete backup of your site. -->

<!-- To import this information into a WordPress site follow these steps: -->
<!-- 1. Log in to that site as an administrator. -->
<!-- 2. Go to Tools: Import in the WordPress admin panel. -->
<!-- 3. Install the "WordPress" importer from the list. -->
<!-- 4. Activate & Run Importer. -->
<!-- 5. Upload this file using the form provided on that page. -->
<!-- 6. You will first be asked to map the authors in this export file to users -->
<!--    on the site. For each author, you may choose to map to an -->
<!--    existing user on the site or to create a new user. -->
<!-- 7. WordPress will then import each of the posts, pages, comments, categories, etc. -->
<!--    contained in this file into your site. -->

<!-- generator="WordPress/6.5.4" created="2024-06-21 10:16" -->
<rss version="2.0"
	xmlns:excerpt="http://wordpress.org/export/1.2/excerpt/"
	xmlns:content="http://purl.org/rss/1.0/modules/content/"
	xmlns:wfw="http://wellformedweb.org/CommentAPI/"
	xmlns:dc="http://purl.org/dc/elements/1.1/"
	xmlns:wp="http://wordpress.org/export/1.2/">

	<channel>
		<title>My WordPress Website</title>
		<link>http://localhost:8881</link>
		<description></description>
		<pubDate>Fri, 21 Jun 2024 10:16:48 +0000</pubDate>
		<language>en-US</language>
		<wp:wxr_version>1.2</wp:wxr_version>
		<wp:base_site_url>http://localhost:8881</wp:base_site_url>
		<wp:base_blog_url>http://localhost:8881</wp:base_blog_url>

		<wp:author>
			<wp:author_id>1</wp:author_id>
			<wp:author_login><![CDATA[admin]]></wp:author_login>
			<wp:author_email><![CDATA[admin@localhost.com]]></wp:author_email>
			<wp:author_display_name><![CDATA[admin]]></wp:author_display_name>
			<wp:author_first_name><![CDATA[]]></wp:author_first_name>
			<wp:author_last_name><![CDATA[]]></wp:author_last_name>
		</wp:author>


		<generator>https://wordpress.org/?v=6.5.4</generator>

		<item>
			<title><![CDATA[Inner Blocks Demo]]></title>
			<link>http://localhost:8881/?p=10</link>
			<pubDate>Wed, 19 Jun 2024 15:10:29 +0000</pubDate>
			<dc:creator><![CDATA[admin]]></dc:creator>
			<guid isPermaLink="false">http://localhost:8881/?p=1</guid>
			<description></description>
			<content:encoded><![CDATA[<!-- wp:paragraph -->
<p>The following block is the <strong><em>Inner Blocks dcd824</em></strong> block (play with it by modifying its content and insert new blocks inside of it). You can also insert a new <em>Inner Blocks dcd824</em> blocks to see how some default blocks are automatially inserted.</p>
<!-- /wp:paragraph -->

<!-- wp:block-development-examples/inner-blocks-dcd824 -->
<div class="wp-block-block-development-examples-inner-blocks-dcd824"><!-- wp:image -->
<figure class="wp-block-image"><img alt=""/></figure>
<!-- /wp:image -->

<!-- wp:heading {"placeholder":"Book Title"} -->
<h2 class="wp-block-heading"></h2>
<!-- /wp:heading -->

<!-- wp:paragraph {"placeholder":"Summary"} -->
<p></p>
<!-- /wp:paragraph --></div>
<!-- /wp:block-development-examples/inner-blocks-dcd824 -->]]></content:encoded>
			<excerpt:encoded><![CDATA[]]></excerpt:encoded>
			<wp:post_id>10</wp:post_id>
			<wp:post_date><![CDATA[2024-06-19 15:10:29]]></wp:post_date>
			<wp:post_date_gmt><![CDATA[2024-06-19 15:10:29]]></wp:post_date_gmt>
			<wp:post_modified><![CDATA[2024-06-21 10:16:32]]></wp:post_modified>
			<wp:post_modified_gmt><![CDATA[2024-06-21 10:16:32]]></wp:post_modified_gmt>
			<wp:comment_status><![CDATA[open]]></wp:comment_status>
			<wp:ping_status><![CDATA[open]]></wp:ping_status>
			<wp:post_name><![CDATA[hello-world]]></wp:post_name>
			<wp:status><![CDATA[publish]]></wp:status>
			<wp:post_parent>0</wp:post_parent>
			<wp:menu_order>0</wp:menu_order>
			<wp:post_type><![CDATA[post]]></wp:post_type>
			<wp:post_password><![CDATA[]]></wp:post_password>
			<wp:is_sticky>0</wp:is_sticky>
			<category domain="category" nicename="uncategorized"><![CDATA[Uncategorized]]></category>
			<wp:comment>
				<wp:comment_id>1</wp:comment_id>
				<wp:comment_author><![CDATA[A WordPress Commenter]]></wp:comment_author>
				<wp:comment_author_email><![CDATA[wapuu@wordpress.example]]></wp:comment_author_email>
				<wp:comment_author_url>https://wordpress.org/</wp:comment_author_url>
				<wp:comment_author_IP><![CDATA[]]></wp:comment_author_IP>
				<wp:comment_date><![CDATA[2024-06-19 15:10:29]]></wp:comment_date>
				<wp:comment_date_gmt><![CDATA[2024-06-19 15:10:29]]></wp:comment_date_gmt>
				<wp:comment_content><![CDATA[Hi, this is a comment.
To get started with moderating, editing, and deleting comments, please visit the Comments screen in the dashboard.
Commenter avatars come from <a href="https://en.gravatar.com/">Gravatar</a>.]]></wp:comment_content>
				<wp:comment_approved><![CDATA[1]]></wp:comment_approved>
				<wp:comment_type><![CDATA[comment]]></wp:comment_type>
				<wp:comment_parent>0</wp:comment_parent>
				<wp:comment_user_id>0</wp:comment_user_id>
			</wp:comment>
		</item>
	</channel>
</rss>
	