<?xml version="1.0" encoding="UTF-8" ?>
<!-- This is a WordPress eXtended RSS file generated by WordPress as an export of your site. -->
<!-- It contains information about your site's posts, pages, comments, categories, and other content. -->
<!-- You may use this file to transfer that content from one site to another. -->
<!-- This file is not intended to serve as a complete backup of your site. -->

<!-- To import this information into a WordPress site follow these steps: -->
<!-- 1. Log in to that site as an administrator. -->
<!-- 2. Go to Tools: Import in the WordPress admin panel. -->
<!-- 3. Install the "WordPress" importer from the list. -->
<!-- 4. Activate & Run Importer. -->
<!-- 5. Upload this file using the form provided on that page. -->
<!-- 6. You will first be asked to map the authors in this export file to users -->
<!--    on the site. For each author, you may choose to map to an -->
<!--    existing user on the site or to create a new user. -->
<!-- 7. WordPress will then import each of the posts, pages, comments, categories, etc. -->
<!--    contained in this file into your site. -->

<!-- generator="WordPress/6.5.3" created="2024-05-17 15:53" -->
<rss version="2.0"
	xmlns:excerpt="http://wordpress.org/export/1.2/excerpt/"
	xmlns:content="http://purl.org/rss/1.0/modules/content/"
	xmlns:wfw="http://wellformedweb.org/CommentAPI/"
	xmlns:dc="http://purl.org/dc/elements/1.1/"
	xmlns:wp="http://wordpress.org/export/1.2/">

	<channel>
		<title>interactive-blocks-demos-99def1</title>
		<link>http://localhost:8888</link>
		<description></description>
		<pubDate>Fri, 17 May 2024 15:53:34 +0000</pubDate>
		<language>en-US</language>
		<wp:wxr_version>1.2</wp:wxr_version>
		<wp:base_site_url>http://localhost:8888</wp:base_site_url>
		<wp:base_blog_url>http://localhost:8888</wp:base_blog_url>

		<wp:author>
			<wp:author_id>1</wp:author_id>
			<wp:author_login><![CDATA[admin]]></wp:author_login>
			<wp:author_email><![CDATA[wordpress@example.com]]></wp:author_email>
			<wp:author_display_name><![CDATA[admin]]></wp:author_display_name>
			<wp:author_first_name><![CDATA[]]></wp:author_first_name>
			<wp:author_last_name><![CDATA[]]></wp:author_last_name>
		</wp:author>

		<wp:category>
			<wp:term_id>1</wp:term_id>
			<wp:category_nicename><![CDATA[uncategorized]]></wp:category_nicename>
			<wp:category_parent><![CDATA[]]></wp:category_parent>
			<wp:cat_name><![CDATA[Uncategorized]]></wp:cat_name>
		</wp:category>
		<wp:term>
			<wp:term_id>2</wp:term_id>
			<wp:term_taxonomy><![CDATA[wp_theme]]></wp:term_taxonomy>
			<wp:term_slug><![CDATA[twentytwentyfour]]></wp:term_slug>
			<wp:term_parent><![CDATA[]]></wp:term_parent>
			<wp:term_name><![CDATA[twentytwentyfour]]></wp:term_name>
		</wp:term>
		<wp:term>
			<wp:term_id>1</wp:term_id>
			<wp:term_taxonomy><![CDATA[category]]></wp:term_taxonomy>
			<wp:term_slug><![CDATA[uncategorized]]></wp:term_slug>
			<wp:term_parent><![CDATA[]]></wp:term_parent>
			<wp:term_name><![CDATA[Uncategorized]]></wp:term_name>
		</wp:term>

		<generator>https://wordpress.org/?v=6.5.3</generator>

		<item>
			<title><![CDATA[Demo Interactive Blocks using different libraries]]></title>
			<link>http://localhost:8888/?p=1</link>
			<pubDate>Fri, 17 May 2024 15:43:17 +0000</pubDate>
			<dc:creator><![CDATA[admin]]></dc:creator>
			<guid isPermaLink="false">http://localhost:8888/?p=1</guid>
			<description></description>
			<content:encoded><![CDATA[<!-- wp:block-development-examples/counter-alpine-99def1 -->
<div class="wp-block-block-development-examples-counter-alpine-99def1" x-data="{ count: 0 }"><p>Alpine Counter</p><details><summary>Attributes</summary><pre><small>{
  "initial": 0,
  "increment": 2
}</small></pre></details><br/><button x-on:click="count -= 2">-</button><input width="5" type="number" x-bind:value="count"/><button x-on:click="count += 2">+</button></div>
<!-- /wp:block-development-examples/counter-alpine-99def1 -->

<!-- wp:block-development-examples/counter-jquery-99def1 -->
<div class="wp-block-block-development-examples-counter-jquery-99def1"><p>jQuery Counter</p><details><summary>Attributes</summary><pre><small>{
  "initial": 0,
  "increment": 1
}</small></pre></details><br/><button class="wp-block-block-development-examples-counter-jquery-99def1__decrement">-</button><input width="5" step="1" type="number" class="wp-block-block-development-examples-counter-jquery-99def1__value" value="0"/><button class="wp-block-block-development-examples-counter-jquery-99def1__increment">+</button></div>
<!-- /wp:block-development-examples/counter-jquery-99def1 -->

<!-- wp:block-development-examples/counter-js-99def1 -->
<div class="wp-block-block-development-examples-counter-js-99def1"><p>Javascript Counter</p><details><summary>Attributes</summary><pre><small>{
  "initial": 0,
  "increment": 3
}</small></pre></details><br/><button class="wp-block-block-development-examples-counter-js-99def1__decrement">-</button><input width="5" step="3" type="number" class="wp-block-block-development-examples-counter-js-99def1__value" value="0"/><button class="wp-block-block-development-examples-counter-js-99def1__increment">+</button></div>
<!-- /wp:block-development-examples/counter-js-99def1 -->

<!-- wp:block-development-examples/counter-react-99def1 -->
<div class="wp-block-block-development-examples-counter-react-99def1"><p>React Counter</p><details><summary>Attributes</summary><pre><small>{
  "initial": 0,
  "increment": 4
}</small></pre></details><br/><div class="counter-contaner" data-gutenberg-attributes="{&quot;initial&quot;:0,&quot;increment&quot;:4}"><button>-</button><input width="5" type="number" readonly value="0"/><button>+</button></div></div>
<!-- /wp:block-development-examples/counter-react-99def1 -->

<!-- wp:block-development-examples/counter-web-component-99def1 -->
<div class="wp-block-block-development-examples-counter-web-component-99def1"><p>Web Components Counter</p><details><summary>Attributes</summary><pre><small>{
  "initial": 0,
  "increment": 5
}</small></pre></details><br/><gutenberg-counter value="0" increment="5"></gutenberg-counter></div>
<!-- /wp:block-development-examples/counter-web-component-99def1 -->]]></content:encoded>
			<excerpt:encoded><![CDATA[]]></excerpt:encoded>
			<wp:post_id>10</wp:post_id>
			<wp:post_date><![CDATA[2024-05-17 15:43:17]]></wp:post_date>
			<wp:post_date_gmt><![CDATA[2024-05-17 15:43:17]]></wp:post_date_gmt>
			<wp:post_modified><![CDATA[2024-05-17 15:53:15]]></wp:post_modified>
			<wp:post_modified_gmt><![CDATA[2024-05-17 15:53:15]]></wp:post_modified_gmt>
			<wp:comment_status><![CDATA[open]]></wp:comment_status>
			<wp:ping_status><![CDATA[open]]></wp:ping_status>
			<wp:post_name><![CDATA[hello-world]]></wp:post_name>
			<wp:status><![CDATA[publish]]></wp:status>
			<wp:post_parent>0</wp:post_parent>
			<wp:menu_order>0</wp:menu_order>
			<wp:post_type><![CDATA[post]]></wp:post_type>
			<wp:post_password><![CDATA[]]></wp:post_password>
			<wp:is_sticky>0</wp:is_sticky>
			<category domain="category" nicename="uncategorized"><![CDATA[Uncategorized]]></category>
			<wp:postmeta>
				<wp:meta_key><![CDATA[_pingme]]></wp:meta_key>
				<wp:meta_value><![CDATA[1]]></wp:meta_value>
			</wp:postmeta>
			<wp:postmeta>
				<wp:meta_key><![CDATA[_encloseme]]></wp:meta_key>
				<wp:meta_value><![CDATA[1]]></wp:meta_value>
			</wp:postmeta>
			<wp:comment>
				<wp:comment_id>1</wp:comment_id>
				<wp:comment_author><![CDATA[A WordPress Commenter]]></wp:comment_author>
				<wp:comment_author_email><![CDATA[wapuu@wordpress.example]]></wp:comment_author_email>
				<wp:comment_author_url>https://wordpress.org/</wp:comment_author_url>
				<wp:comment_author_IP><![CDATA[]]></wp:comment_author_IP>
				<wp:comment_date><![CDATA[2024-05-17 15:43:17]]></wp:comment_date>
				<wp:comment_date_gmt><![CDATA[2024-05-17 15:43:17]]></wp:comment_date_gmt>
				<wp:comment_content><![CDATA[Hi, this is a comment.
To get started with moderating, editing, and deleting comments, please visit the Comments screen in the dashboard.
Commenter avatars come from <a href="https://en.gravatar.com/">Gravatar</a>.]]></wp:comment_content>
				<wp:comment_approved><![CDATA[1]]></wp:comment_approved>
				<wp:comment_type><![CDATA[comment]]></wp:comment_type>
				<wp:comment_parent>0</wp:comment_parent>
				<wp:comment_user_id>0</wp:comment_user_id>
			</wp:comment>
		</item>
	</channel>
</rss>
	