{
	"$schema": "https://playground.wordpress.net/blueprint-schema.json",
	"login": true,
	"landingPage": "/wp-admin/post.php?post=1&action=edit",
	"steps": [
		{
			"step": "installPlugin",
			"pluginZipFile": {
				"resource": "url",
				"url": "https://raw.githubusercontent.com/WordPress/block-development-examples/deploy/zips/slotfill-2fb190.zip"
			}
		},
		{
			"step": "writeFile",
			"path": "/wordpress/plugins/slotfill-2fb190/includes/individual-example-add-on.php",
			"data": "<?php  function set_individual_example() { wp_localize_script( 'slotfill-2fb190', 'individualExample', 'PluginSidebar' ); }"
		},
		{
			"step": "activatePlugin",
			"pluginName": "slotfill-2fb190/index.php"
		}
	]
}
